Cpu,Ram,Weight,Price,Acer,Apple,Asus,Chuwi,Dell,Fujitsu,Google,HP,Huawei,LG,Lenovo,MSI,Mediacom,Microsoft,Razer,Samsung,Toshiba,Vero,Xiaomi,No
58,8,1.37,3568.934,0,1,0,0,0,0,0,0,0,0,0,0,0,0,0,0,0,0,0,1
56,8,1.34,2394.776,0,1,0,0,0,0,0,0,0,0,0,0,0,0,0,0,0,0,0,1
67,8,1.86,1531.8,0,0,0,0,0,0,0,1,0,0,0,0,0,0,0,0,0,0,0,1
77,16,1.83,6759.767,0,1,0,0,0,0,0,0,0,0,0,0,0,0,0,0,0,0,0,1
60,8,1.37,4804.79,0,1,0,0,0,0,0,0,0,0,0,0,0,0,0,0,0,0,0,1
13,4,2.1,1065.6,1,0,0,0,0,0,0,0,0,0,0,0,0,0,0,0,0,0,0,1
76,16,2.04,5700.88,0,1,0,0,0,0,0,0,0,0,0,0,0,0,0,0,0,0,0,1
56,8,1.34,3086.777,0,1,0,0,0,0,0,0,0,0,0,0,0,0,0,0,0,0,0,1
97,16,1.3,3982.68,0,0,1,0,0,0,0,0,0,0,0,0,0,0,0,0,0,0,0,1
75,8,1.6,2051.28,1,0,0,0,0,0,0,0,0,0,0,0,0,0,0,0,0,0,0,1
67,4,1.86,1049.35,0,0,0,0,0,0,0,1,0,0,0,0,0,0,0,0,0,0,0,1
49,4,1.86,919.0534,0,0,0,0,0,0,0,1,0,0,0,0,0,0,0,0,0,0,0,1
78,16,1.83,6500.08,0,1,0,0,0,0,0,0,0,0,0,0,0,0,0,0,0,0,0,1
49,4,2.2,1329.07,0,0,0,0,1,0,0,0,0,0,0,0,0,0,0,0,0,0,0,1
44,8,0.92,3363.034,0,1,0,0,0,0,0,0,0,0,0,0,0,0,0,0,0,0,0,1
58,8,1.37,4045.417,0,1,0,0,0,0,0,0,0,0,0,0,0,0,0,0,0,0,0,1
88,8,2.2,1984.68,0,0,0,0,1,0,0,0,0,0,0,0,0,0,0,0,0,0,0,1
79,16,1.83,7613.712,0,1,0,0,0,0,0,0,0,0,0,0,0,0,0,0,0,0,0,1
52,8,2.2,1329.336,0,0,0,0,0,0,0,0,0,0,1,0,0,0,0,0,0,0,0,1
75,8,1.22,2608.056,0,0,0,0,1,0,0,0,0,0,0,0,0,0,0,0,0,0,0,1
27,2,0.98,511.2216,0,0,1,0,0,0,0,0,0,0,0,0,0,0,0,0,0,0,0,1
69,8,2.5,2661.336,0,0,0,0,0,0,0,0,0,0,1,0,0,0,0,0,0,0,0,1
20,4,1.86,687.312,0,0,0,0,0,0,0,1,0,0,0,0,0,0,0,0,0,0,0,1
75,8,1.62,2181.816,0,0,0,0,1,0,0,0,0,0,0,0,0,0,0,0,0,0,0,1
97,8,1.91,1755.576,0,0,0,0,0,0,0,1,0,0,0,0,0,0,0,0,0,0,0,1
49,4,2.3,1115.257,0,0,0,0,1,0,0,0,0,0,0,0,0,0,0,0,0,0,0,1
55,8,1.35,2927.736,0,1,0,0,0,0,0,0,0,0,0,0,0,0,0,0,0,0,0,1
75,8,2.2,2131.2,0,0,0,0,1,0,0,0,0,0,0,0,0,0,0,0,0,0,0,1
98,8,1.88,3457.872,0,0,0,0,1,0,0,0,0,0,0,0,0,0,0,0,0,0,0,1
75,8,2.5,2386.944,0,0,0,0,0,0,0,1,0,0,0,0,0,0,0,0,0,0,0,1
26,4,1.89,652.6534,0,0,0,1,0,0,0,0,0,0,0,0,0,0,0,0,0,0,0,1
18,2,1.65,530.136,0,0,1,0,0,0,0,0,0,0,0,0,0,0,0,0,0,0,0,1
8,4,2.71,1169.496,0,0,0,0,0,0,0,1,0,0,0,0,0,0,0,0,0,0,0,1
97,16,1.2,4979.016,0,0,0,0,1,0,0,0,0,0,0,0,0,0,0,0,0,0,0,1
55,8,1.35,2658.672,0,1,0,0,0,0,0,0,0,0,0,0,0,0,0,0,0,0,0,1
34,4,1.44,663.336,0,0,0,0,0,0,0,0,0,0,1,0,0,0,0,0,0,0,0,1
53,4,2.1,977.688,1,0,0,0,0,0,0,0,0,0,0,0,0,0,0,0,0,0,0,1
75,8,2.8,2608.056,0,0,0,0,1,0,0,0,0,0,0,0,0,0,0,0,0,0,0,1
67,4,1.86,1301.87,0,0,0,0,0,0,0,1,0,0,0,0,0,0,0,0,0,0,0,1
75,8,2.1,2341.656,0,0,0,0,0,0,0,1,0,0,0,0,0,0,0,0,0,0,0,1
49,4,2,1036.296,0,0,1,0,0,0,0,0,0,0,0,0,0,0,0,0,0,0,0,1
93,16,2.65,3993.336,0,0,0,0,1,0,0,0,0,0,0,0,0,0,0,0,0,0,0,1
67,8,2.3,1393.245,0,0,1,0,0,0,0,0,0,0,0,0,0,0,0,0,0,0,0,1
75,4,2.2,1816.848,1,0,0,0,0,0,0,0,0,0,0,0,0,0,0,0,0,0,0,1
75,12,2.77,2661.336,0,0,0,0,1,0,0,0,0,0,0,0,0,0,0,0,0,0,0,1
57,8,1.37,3780.216,0,1,0,0,0,0,0,0,0,0,0,0,0,0,0,0,0,0,0,1
49,4,2.2,983.016,0,0,0,0,0,0,0,0,0,0,1,0,0,0,0,0,0,0,0,1
24,8,3.2,3460.536,0,0,1,0,0,0,0,0,0,0,0,0,0,0,0,0,0,0,0,1
67,4,2.3,1702.296,0,0,0,0,1,0,0,0,0,0,0,0,0,0,0,0,0,0,0,1
102,4,2.8,1241.424,0,0,1,0,0,0,0,0,0,0,0,0,0,0,0,0,0,0,0,1
28,4,0.69,849.816,0,0,0,0,0,0,0,0,0,0,1,0,0,0,0,0,0,0,0,1
97,8,2.2,2240.424,1,0,0,0,0,0,0,0,0,0,0,0,0,0,0,0,0,0,0,1
8,4,1.86,1061.577,0,0,0,0,0,0,0,1,0,0,0,0,0,0,0,0,0,0,0,1
97,8,1.49,2938.392,0,0,0,0,0,0,0,1,0,0,0,0,0,0,0,0,0,0,0,1
52,4,2.4,1022.976,1,0,0,0,0,0,0,0,0,0,0,0,0,0,0,0,0,0,0,1
97,8,2.13,2045.419,0,0,0,0,1,0,0,0,0,0,0,0,0,0,0,0,0,0,0,1
49,4,1.91,1169.496,0,0,0,0,0,0,0,1,0,0,0,0,0,0,0,0,0,0,0,1
67,4,2,1561.61,0,0,1,0,0,0,0,0,0,0,0,0,0,0,0,0,0,0,0,1
93,16,2.43,6524.136,0,0,0,0,0,0,0,0,0,0,0,1,0,0,0,0,0,0,0,1
49,4,2,1105.56,0,0,1,0,0,0,0,0,0,0,0,0,0,0,0,0,0,0,0,1
97,16,2.8,3460.536,0,0,0,0,1,0,0,0,0,0,0,0,0,0,0,0,0,0,0,1
75,8,1.7,2341.656,0,0,0,0,1,0,0,0,0,0,0,0,0,0,0,0,0,0,0,1
53,8,1.7,1595.736,0,0,0,0,0,0,0,0,0,0,1,0,0,0,0,0,0,0,0,1
75,8,1.4,2506.824,0,0,1,0,0,0,0,0,0,0,0,0,0,0,0,0,0,0,0,1
67,8,1.86,1838.16,0,0,0,0,0,0,0,1,0,0,0,0,0,0,0,0,0,0,0,1
93,16,1.8,5282.712,0,0,1,0,0,0,0,0,0,0,0,0,0,0,0,0,0,0,0,1
49,4,1.86,1168.67,0,0,0,0,0,0,0,1,0,0,0,0,0,0,0,0,0,0,0,1
33,4,1.44,610.056,0,0,0,0,0,0,0,1,0,0,0,0,0,0,0,0,0,0,0,1
67,4,1.9,1462.536,0,0,0,0,0,0,0,0,0,0,1,0,0,0,0,0,0,0,0,1
93,12,3,2528.136,0,0,1,0,0,0,0,0,0,0,0,0,0,0,0,0,0,0,0,1
67,4,1.25,2901.096,0,0,0,0,0,0,0,0,0,0,0,0,0,1,0,0,0,0,0,1
97,8,1.4,2544.12,0,0,0,0,1,0,0,0,0,0,0,0,0,0,0,0,0,0,0,1
97,8,2.2,2317.68,0,0,0,0,1,0,0,0,0,0,0,0,0,0,0,0,0,0,0,1
69,8,2.7,2917.08,0,0,0,0,0,0,0,0,0,0,0,1,0,0,0,0,0,0,0,1
49,8,2.1,1036.296,1,0,0,0,0,0,0,0,0,0,0,0,0,0,0,0,0,0,0,1
93,8,2.2,2528.136,0,0,1,0,0,0,0,0,0,0,0,0,0,0,0,0,0,0,0,1
67,8,2.2,1382.616,0,0,0,0,0,0,0,0,0,0,1,0,0,0,0,0,0,0,0,1
97,8,2.02,2277.72,0,0,0,0,1,0,0,0,0,0,0,0,0,0,0,0,0,0,0,1
53,4,2.2,1411.92,1,0,0,0,0,0,0,0,0,0,0,0,0,0,0,0,0,0,0,1
75,8,2.5,2602.728,0,0,0,0,0,0,0,1,0,0,0,0,0,0,0,0,0,0,0,1
75,8,1.88,2920.17,0,0,0,0,1,0,0,0,0,0,0,0,0,0,0,0,0,0,0,1
54,8,0.92,4022.64,0,1,0,0,0,0,0,0,0,0,0,0,0,0,0,0,0,0,0,1
75,8,1.63,2291.04,0,0,0,0,0,0,0,1,0,0,0,0,0,0,0,0,0,0,0,1
8,4,2.2,1062.936,0,0,0,0,0,0,0,0,0,0,1,0,0,0,0,0,0,0,0,1
13,4,2.1,1052.28,1,0,0,0,0,0,0,0,0,0,0,0,0,0,0,0,0,0,0,1
93,16,2.65,3593.736,0,0,0,0,1,0,0,0,0,0,0,0,0,0,0,0,0,0,0,1
97,8,1.83,1862.136,0,0,0,0,0,0,0,1,0,0,0,0,0,0,0,0,0,0,0,1
67,8,1.96,1595.709,0,0,0,0,0,0,0,1,0,0,0,0,0,0,0,0,0,0,0,1
93,16,2.2,3860.136,0,0,1,0,0,0,0,0,0,0,0,0,0,0,0,0,0,0,0,1
97,8,1.21,4392.936,0,0,0,0,1,0,0,0,0,0,0,0,0,0,0,0,0,0,0,1
22,8,2.45,1862.136,0,0,1,0,0,0,0,0,0,0,0,0,0,0,0,0,0,0,0,1
97,8,2.2,1835.496,1,0,0,0,0,0,0,0,0,0,0,0,0,0,0,0,0,0,0,1
97,16,1.49,3188.808,0,0,0,0,0,0,0,1,0,0,0,0,0,0,0,0,0,0,0,1
69,8,2.65,3183.48,0,0,0,0,1,0,0,0,0,0,0,0,0,0,0,0,0,0,0,1
88,8,1.25,2794.536,0,0,1,0,0,0,0,0,0,0,0,0,0,0,0,0,0,0,0,1
75,8,1.5,2256.408,1,0,0,0,0,0,0,0,0,0,0,0,0,0,0,0,0,0,0,1
88,8,2.2,1598.134,0,0,0,0,1,0,0,0,0,0,0,0,0,0,0,0,0,0,0,1
49,4,2.2,1292.04,0,0,0,0,1,0,0,0,0,0,0,0,0,0,0,0,0,0,0,1
52,6,2,1537.128,0,0,1,0,0,0,0,0,0,0,0,0,0,0,0,0,0,0,0,1
93,12,2.62,3327.336,0,0,0,0,0,0,0,1,0,0,0,0,0,0,0,0,0,0,0,1
88,8,1.91,1915.416,0,0,0,0,0,0,0,1,0,0,0,0,0,0,0,0,0,0,0,1
20,4,2.1,929.736,0,0,0,0,0,0,0,1,0,0,0,0,0,0,0,0,0,0,0,1
75,8,2.2,1723.608,0,0,0,0,1,0,0,0,0,0,0,0,0,0,0,0,0,0,0,1
88,8,1.38,2981.016,0,0,0,0,0,0,0,1,0,0,0,0,0,0,0,0,0,0,0,1
67,8,1.25,3569.76,0,0,0,0,0,0,0,0,0,0,0,0,0,1,0,0,0,0,0,1
67,6,1.58,1755.576,0,0,0,0,0,0,0,1,0,0,0,0,0,0,0,0,0,0,0,1
49,4,1.85,1105.294,0,0,0,0,0,0,0,0,0,0,1,0,0,0,0,0,0,0,0,1
88,8,1.3,3178.152,0,0,1,0,0,0,0,0,0,0,0,0,0,0,0,0,0,0,0,1
93,16,2.2,3460.536,0,0,0,0,0,0,0,0,0,0,0,1,0,0,0,0,0,0,0,1
88,8,1.58,3942.72,0,0,0,0,0,0,0,0,0,0,1,0,0,0,0,0,0,0,0,1
97,16,1.5,3361.968,0,0,1,0,0,0,0,0,0,0,0,0,0,0,0,0,0,0,0,1
89,8,1.23,3673.656,0,0,0,0,1,0,0,0,0,0,0,0,0,0,0,0,0,0,0,1
67,8,1.37,3726.936,0,0,0,0,0,0,0,0,0,0,1,0,0,0,0,0,0,0,0,1
75,4,1.63,1923.408,0,0,0,0,0,0,0,1,0,0,0,0,0,0,0,0,0,0,0,1
75,8,1.21,4339.656,0,0,0,0,1,0,0,0,0,0,0,0,0,0,0,0,0,0,0,1
75,8,1.26,3726.909,0,0,0,0,0,0,0,1,0,0,0,0,0,0,0,0,0,0,0,1
97,8,1.63,2887.776,0,0,0,0,0,0,0,1,0,0,0,0,0,0,0,0,0,0,0,1
97,8,2.16,3011.199,0,0,0,0,1,0,0,0,0,0,0,0,0,0,0,0,0,0,0,1
49,4,2,1502.496,0,0,1,0,0,0,0,0,0,0,0,0,0,0,0,0,0,0,0,1
97,8,1.7,2978.352,0,0,1,0,0,0,0,0,0,0,0,0,0,0,0,0,0,0,0,1
52,6,2.1,1276.056,1,0,0,0,0,0,0,0,0,0,0,0,0,0,0,0,0,0,0,1
93,16,1.8,5971.356,0,0,0,0,0,0,0,0,0,0,0,1,0,0,0,0,0,0,0,1
67,8,2.2,1675.656,0,0,0,0,0,0,0,0,0,0,1,0,0,0,0,0,0,0,0,1
97,16,2.5,3385.944,0,0,0,0,0,0,0,1,0,0,0,0,0,0,0,0,0,0,0,1
13,4,2.1,1201.464,1,0,0,0,0,0,0,0,0,0,0,0,0,0,0,0,0,0,0,1
33,4,1.86,689.976,0,0,0,0,0,0,0,1,0,0,0,0,0,0,0,0,0,0,0,1
75,8,1.63,2163.168,0,0,0,0,0,0,0,1,0,0,0,0,0,0,0,0,0,0,0,1
15,4,1.65,740.5654,0,0,1,0,0,0,0,0,0,0,0,0,0,0,0,0,0,0,0,1
97,16,2.8,3718.944,0,0,0,0,1,0,0,0,0,0,0,0,0,0,0,0,0,0,0,1
75,8,2.5,2472.192,0,0,0,0,0,0,0,1,0,0,0,0,0,0,0,0,0,0,0,1
67,8,2.36,1702.269,0,0,0,0,1,0,0,0,0,0,0,0,0,0,0,0,0,0,0,1
49,4,2.2,1196.136,0,0,0,0,1,0,0,0,0,0,0,0,0,0,0,0,0,0,0,1
97,8,1.6,2354.976,1,0,0,0,0,0,0,0,0,0,0,0,0,0,0,0,0,0,0,1
53,4,2.2,1523.808,1,0,0,0,0,0,0,0,0,0,0,0,0,0,0,0,0,0,0,1
88,8,2.05,1593.072,0,0,0,0,0,0,0,1,0,0,0,0,0,0,0,0,0,0,0,1
97,8,1.63,2632.032,0,0,0,0,0,0,0,1,0,0,0,0,0,0,0,0,0,0,0,1
34,4,1.9,672.287,0,0,0,0,0,0,0,0,0,0,1,0,0,0,0,0,0,0,0,1
69,8,3,2498.832,0,0,1,0,0,0,0,0,0,0,0,0,0,0,0,0,0,0,0,1
67,4,2.2,1329.336,0,0,0,0,0,0,0,0,0,0,1,0,0,0,0,0,0,0,0,1
67,4,1.32,1862.136,0,0,0,0,0,0,0,1,0,0,0,0,0,0,0,0,0,0,0,1
53,4,3,1744.92,1,0,0,0,0,0,0,0,0,0,0,0,0,0,0,0,0,0,0,1
75,8,1.75,2973.077,0,0,0,0,0,0,0,0,0,0,1,0,0,0,0,0,0,0,0,1
93,8,2.4,2315.016,0,0,0,0,0,0,0,0,0,0,1,0,0,0,0,0,0,0,0,1
61,4,2.1,1603.728,0,0,0,0,0,0,0,0,0,0,0,0,0,0,0,0,1,0,0,1
8,4,1.86,983.016,0,0,0,0,0,0,0,1,0,0,0,0,0,0,0,0,0,0,0,1
97,8,1.25,2927.736,0,0,1,0,0,0,0,0,0,0,0,0,0,0,0,0,0,0,0,1
40,8,0.97,5365.296,0,0,0,0,0,0,0,1,0,0,0,0,0,0,0,0,0,0,0,1
34,4,2,916.416,0,0,1,0,0,0,0,0,0,0,0,0,0,0,0,0,0,0,0,1
93,16,2.9,5405.256,0,0,0,0,0,0,0,0,0,0,0,1,0,0,0,0,0,0,0,1
49,4,2.1,1190.808,1,0,0,0,0,0,0,0,0,0,0,0,0,0,0,0,0,0,0,1
93,16,2.56,3328.029,0,0,0,0,1,0,0,0,0,0,0,0,0,0,0,0,0,0,0,1
93,8,2.62,2394.936,0,0,0,0,1,0,0,0,0,0,0,0,0,0,0,0,0,0,0,1
67,4,1.9,1326.672,0,0,0,0,0,0,0,0,0,0,1,0,0,0,0,0,0,0,0,1
93,16,2.8,5034.96,0,0,0,0,0,0,0,0,0,0,0,1,0,0,0,0,0,0,0,1
72,4,1.48,2882.448,0,0,0,0,0,0,0,1,0,0,0,0,0,0,0,0,0,0,0,1
75,6,1.91,1649.016,0,0,0,0,0,0,0,1,0,0,0,0,0,0,0,0,0,0,0,1
52,4,1.74,1675.656,0,0,0,0,0,0,0,0,0,0,1,0,0,0,0,0,0,0,0,1
75,8,1.1,3503.16,0,0,1,0,0,0,0,0,0,0,0,0,0,0,0,0,0,0,0,1
97,8,1.56,2794.536,0,0,0,0,1,0,0,0,0,0,0,0,0,0,0,0,0,0,0,1
48,4,2.1,1190.808,0,0,0,0,0,0,0,0,0,0,0,0,0,0,0,0,1,0,0,1
13,4,2.03,1073.592,0,0,1,0,0,0,0,0,0,0,0,0,0,0,0,0,0,0,0,1
75,4,3,2144.52,1,0,0,0,0,0,0,0,0,0,0,0,0,0,0,0,0,0,0,1
75,8,2.13,1939.392,0,0,0,0,1,0,0,0,0,0,0,0,0,0,0,0,0,0,0,1
93,16,2.5,2874.456,0,0,0,0,0,0,0,0,0,0,1,0,0,0,0,0,0,0,0,1
34,4,2.1,927.072,1,0,0,0,0,0,0,0,0,0,0,0,0,0,0,0,0,0,0,1
93,16,2.4,4792.536,0,0,0,0,0,0,0,0,0,0,0,1,0,0,0,0,0,0,0,1
102,4,2.1,968.3906,1,0,0,0,0,0,0,0,0,0,0,0,0,0,0,0,0,0,0,1
93,8,2.56,2825.145,0,0,0,0,1,0,0,0,0,0,0,0,0,0,0,0,0,0,0,1
75,8,3,2275.056,1,0,0,0,0,0,0,0,0,0,0,0,0,0,0,0,0,0,0,1
75,4,1.49,2008.656,0,0,0,0,0,0,0,1,0,0,0,0,0,0,0,0,0,0,0,1
67,8,1.05,3593.736,0,0,0,0,0,0,0,0,1,0,0,0,0,0,0,0,0,0,0,1
67,6,2.71,1862.136,0,0,0,0,0,0,0,1,0,0,0,0,0,0,0,0,0,0,0,1
9,4,2.2,823.176,0,0,0,0,0,0,0,0,0,0,1,0,0,0,0,0,0,0,0,1
52,4,2,1302.696,0,0,0,0,0,0,0,0,0,0,0,0,0,0,0,0,1,0,0,1
75,8,2.5,2458.872,0,0,0,0,0,0,0,1,0,0,0,0,0,0,0,0,0,0,0,1
52,8,2.3,1222.776,0,0,0,0,1,0,0,0,0,0,0,0,0,0,0,0,0,0,0,1
49,4,2.1,1196.136,1,0,0,0,0,0,0,0,0,0,0,0,0,0,0,0,0,0,0,1
86,32,4.4,7456.536,0,0,0,0,0,0,0,0,0,0,0,1,0,0,0,0,0,0,0,1
67,8,1.90,2165.832,0,0,0,0,0,0,0,0,0,0,1,0,0,0,0,0,0,0,0,1
75,8,1.29,3993.336,0,0,0,0,0,0,0,1,0,0,0,0,0,0,0,0,0,0,0,1
97,16,2.02,2794.536,0,0,0,0,1,0,0,0,0,0,0,0,0,0,0,0,0,0,0,1
75,8,1.23,3726.936,0,0,0,0,1,0,0,0,0,0,0,0,0,0,0,0,0,0,0,1
97,16,1.4,4925.736,0,0,0,0,0,0,0,0,0,0,1,0,0,0,0,0,0,0,0,1
67,8,2.0,2112.552,0,0,0,0,0,0,0,0,0,0,0,0,0,0,0,0,1,0,0,1
75,8,1.95,3194.136,0,0,0,0,0,0,0,0,0,0,0,0,0,0,0,0,0,0,1,1
97,16,2.77,4126.536,0,0,0,0,1,0,0,0,0,0,0,0,0,0,0,0,0,0,0,1
93,16,2.06,6385.608,0,0,0,0,1,0,0,0,0,0,0,0,0,0,0,0,0,0,0,1
69,8,2.4,2075.256,0,0,0,0,0,0,0,0,0,0,1,0,0,0,0,0,0,0,0,1
73,8,1.12,2634.696,1,0,0,0,0,0,0,0,0,0,0,0,0,0,0,0,0,0,0,1
97,8,2.8,2890.44,0,0,0,0,1,0,0,0,0,0,0,0,0,0,0,0,0,0,0,1
88,16,1.42,7523.136,0,0,0,0,0,0,0,0,0,0,1,0,0,0,0,0,0,0,0,1
34,4,1.3,692.64,0,0,0,0,0,0,0,0,0,0,0,0,0,0,0,0,0,1,0,1
67,8,1.3,2663.734,0,0,0,0,0,0,0,0,0,0,0,0,0,0,0,0,0,0,1,1
75,8,2.8,1859.472,0,0,0,0,0,0,0,0,0,0,1,0,0,0,0,0,0,0,0,1
97,8,1.62,2235.096,0,0,0,0,1,0,0,0,0,0,0,0,0,0,0,0,0,0,0,1
75,8,2.5,2434.896,0,0,0,0,0,0,0,1,0,0,0,0,0,0,0,0,0,0,0,1
94,32,3.49,16247.74,0,0,0,0,0,0,0,0,0,0,0,0,0,0,1,0,0,0,0,1
75,8,1.49,2554.776,0,0,0,0,0,0,0,1,0,0,0,0,0,0,0,0,0,0,0,1
93,16,3.35,3673.656,0,0,0,0,0,0,0,1,0,0,0,0,0,0,0,0,0,0,0,1
97,8,2.5,2783.88,0,0,0,0,0,0,0,1,0,0,0,0,0,0,0,0,0,0,0,1
93,16,2.65,4915.08,0,0,0,0,1,0,0,0,0,0,0,0,0,0,0,0,0,0,0,1
61,4,2.1,1313.352,0,0,0,0,0,0,0,0,0,0,1,0,0,0,0,0,0,0,0,1
88,8,2.23,1976.688,1,0,0,0,0,0,0,0,0,0,0,0,0,0,0,0,0,0,0,1
93,16,3.2,4659.336,0,0,0,0,0,0,0,0,0,0,1,0,0,0,0,0,0,0,0,1
103,16,2.8,8138.52,0,0,0,0,1,0,0,0,0,0,0,0,0,0,0,0,0,0,0,1
93,16,2.4,3724.272,0,0,0,0,0,0,0,0,0,0,1,0,0,0,0,0,0,0,0,1
52,6,2.3,1169.496,0,0,0,0,1,0,0,0,0,0,0,0,0,0,0,0,0,0,0,1
97,8,1.21,5192.136,0,0,0,0,1,0,0,0,0,0,0,0,0,0,0,0,0,0,0,1
97,8,1.2,3860.136,0,0,0,0,1,0,0,0,0,0,0,0,0,0,0,0,0,0,0,1
67,8,2.2,1590.408,0,0,0,0,0,0,0,0,0,0,1,0,0,0,0,0,0,0,0,1
93,8,2.4,2075.256,1,0,0,0,0,0,0,0,0,0,0,0,0,0,0,0,0,0,0,1
93,16,2.9,3748.248,0,0,1,0,0,0,0,0,0,0,0,0,0,0,0,0,0,0,0,1
49,4,2.1,929.736,0,0,0,0,0,0,0,1,0,0,0,0,0,0,0,0,0,0,0,1
67,8,2.2,1462.536,0,0,0,0,0,0,0,0,0,0,1,0,0,0,0,0,0,0,0,1
88,8,1.05,3993.336,0,0,0,0,0,0,0,0,1,0,0,0,0,0,0,0,0,0,0,1
97,8,1.4,2482.528,0,0,0,0,1,0,0,0,0,0,0,0,0,0,0,0,0,0,0,1
67,8,2.8,1569.096,0,0,0,0,0,0,0,0,0,0,1,0,0,0,0,0,0,0,0,1
97,8,1.63,2746.584,0,0,0,0,0,0,0,1,0,0,0,0,0,0,0,0,0,0,0,1
75,8,1.6,3060.936,0,0,0,0,1,0,0,0,0,0,0,0,0,0,0,0,0,0,0,1
97,16,1.62,3407.256,0,0,0,0,1,0,0,0,0,0,0,0,0,0,0,0,0,0,0,1
75,8,2.2,1804.46,0,0,0,0,1,0,0,0,0,0,0,0,0,0,0,0,0,0,0,1
75,8,1.74,2394.936,0,0,0,0,0,0,0,0,0,0,1,0,0,0,0,0,0,0,0,1
80,8,1.2,3631.032,0,0,0,0,0,0,0,0,0,0,0,0,0,0,0,0,1,0,0,1
75,8,2.1,2115.216,0,0,0,0,0,0,0,1,0,0,0,0,0,0,0,0,0,0,0,1
93,16,4.42,6543.69,0,0,0,0,1,0,0,0,0,0,0,0,0,0,0,0,0,0,0,1
88,8,2.2,2216.448,1,0,0,0,0,0,0,0,0,0,0,0,0,0,0,0,0,0,0,1
88,16,2.3,2288.403,0,0,0,0,1,0,0,0,0,0,0,0,0,0,0,0,0,0,0,1
67,8,2,2048.616,0,0,1,0,0,0,0,0,0,0,0,0,0,0,0,0,0,0,0,1
67,8,2.69,2373.624,0,0,1,0,0,0,0,0,0,0,0,0,0,0,0,0,0,0,0,1
88,8,1.9,3380.616,0,0,0,0,0,0,0,1,0,0,0,0,0,0,0,0,0,0,0,1
52,4,2.37,1062.909,0,0,1,0,0,0,0,0,0,0,0,0,0,0,0,0,0,0,0,1
17,4,2.1,879.12,0,0,0,0,0,0,0,1,0,0,0,0,0,0,0,0,0,0,0,1
93,16,3.2,3993.336,0,0,0,0,0,0,0,0,0,0,1,0,0,0,0,0,0,0,0,1
67,8,1.6,2288.376,0,0,0,0,1,0,0,0,0,0,0,0,0,0,0,0,0,0,0,1
61,8,1.6,1835.496,1,0,0,0,0,0,0,0,0,0,0,0,0,0,0,0,0,0,0,1
88,16,2.36,2394.936,0,0,0,0,1,0,0,0,0,0,0,0,0,0,0,0,0,0,0,1
49,4,2.1,1038.96,1,0,0,0,0,0,0,0,0,0,0,0,0,0,0,0,0,0,0,1
2,4,2.2,1531.8,0,0,1,0,0,0,0,0,0,0,0,0,0,0,0,0,0,0,0,1
94,32,4.7,10362.96,0,0,1,0,0,0,0,0,0,0,0,0,0,0,0,0,0,0,0,1
69,8,2.5,2253.744,1,0,0,0,0,0,0,0,0,0,0,0,0,0,0,0,0,0,0,1
49,8,2.2,1569.096,0,0,0,0,0,0,0,0,0,0,1,0,0,0,0,0,0,0,0,1
97,8,2.1,3050.28,0,0,1,0,0,0,0,0,0,0,0,0,0,0,0,0,0,0,0,1
88,8,2.69,2368.296,0,0,1,0,0,0,0,0,0,0,0,0,0,0,0,0,0,0,0,1
69,8,2.56,2341.656,0,0,0,0,1,0,0,0,0,0,0,0,0,0,0,0,0,0,0,1
88,8,1.38,2874.456,0,0,0,0,0,0,0,0,0,0,1,0,0,0,0,0,0,0,0,1
97,8,2.2,2624.04,0,0,0,0,1,0,0,0,0,0,0,0,0,0,0,0,0,0,0,1
67,8,2.04,1489.176,0,0,0,0,0,0,0,1,0,0,0,0,0,0,0,0,0,0,0,1
94,16,3.6,7989.336,0,0,1,0,0,0,0,0,0,0,0,0,0,0,0,0,0,0,0,1
75,4,1.49,1798.2,0,0,0,0,0,0,0,1,0,0,0,0,0,0,0,0,0,0,0,1
60,8,1.37,5434.56,0,1,0,0,0,0,0,0,0,0,0,0,0,0,0,0,0,0,0,1
97,8,2.08,2181.816,0,0,0,0,1,0,0,0,0,0,0,0,0,0,0,0,0,0,0,1
93,16,4.3,4792.536,0,0,1,0,0,0,0,0,0,0,0,0,0,0,0,0,0,0,0,1
13,4,1.68,1249.416,0,0,1,0,0,0,0,0,0,0,0,0,0,0,0,0,0,0,0,1
97,8,1.37,4925.736,0,0,0,0,0,0,0,0,0,0,1,0,0,0,0,0,0,0,0,1
53,4,3,1870.128,1,0,0,0,0,0,0,0,0,0,0,0,0,0,0,0,0,0,0,1
75,8,1.41,2528.136,0,0,0,0,1,0,0,0,0,0,0,0,0,0,0,0,0,0,0,1
10,8,1.91,1187.878,0,0,0,0,0,0,0,1,0,0,0,0,0,0,0,0,0,0,0,1
97,16,2.9,2821.176,0,0,0,0,0,0,0,1,0,0,0,0,0,0,0,0,0,0,0,1
93,16,4.14,6657.336,0,0,0,0,0,0,0,0,0,0,0,1,0,0,0,0,0,0,0,1
93,8,2,4526.136,0,0,0,0,0,0,0,0,0,0,1,0,0,0,0,0,0,0,0,1
97,8,2.8,3042.288,0,0,0,0,1,0,0,0,0,0,0,0,0,0,0,0,0,0,0,1
49,4,2.2,1182.816,0,0,0,0,0,0,0,0,0,0,1,0,0,0,0,0,0,0,0,1
75,4,2.1,1923.408,0,0,0,0,0,0,0,1,0,0,0,0,0,0,0,0,0,0,0,1
67,4,2.18,1750.248,0,0,0,0,1,0,0,0,0,0,0,0,0,0,0,0,0,0,0,1
67,8,2.24,1505.16,0,0,0,0,1,0,0,0,0,0,0,0,0,0,0,0,0,0,0,1
75,8,2.67,2128.536,0,0,0,0,1,0,0,0,0,0,0,0,0,0,0,0,0,0,0,1
97,8,1.1,3993.336,0,0,1,0,0,0,0,0,0,0,0,0,0,0,0,0,0,0,0,1
67,4,2.2,1244.088,0,0,0,0,0,0,0,0,0,0,1,0,0,0,0,0,0,0,0,1
97,8,2.5,2711.952,0,0,0,0,0,0,0,1,0,0,0,0,0,0,0,0,0,0,0,1
97,8,2.05,2344.32,0,0,0,0,0,0,0,0,0,0,1,0,0,0,0,0,0,0,0,1
59,8,1.37,5218.51,0,1,0,0,0,0,0,0,0,0,0,0,0,0,0,0,0,0,0,1
24,16,3.2,4126.536,0,0,1,0,0,0,0,0,0,0,0,0,0,0,0,0,0,0,0,1
97,8,2.14,1958.226,0,0,0,0,1,0,0,0,0,0,0,0,0,0,0,0,0,0,0,1
82,16,1.36,6657.336,0,0,0,0,0,0,0,0,0,0,1,0,0,0,0,0,0,0,0,1
80,8,2.2,2163.168,0,0,0,0,0,0,0,0,0,0,0,0,0,0,0,0,1,0,0,1
88,12,2.3,1899.618,0,0,0,0,1,0,0,0,0,0,0,0,0,0,0,0,0,0,0,1
97,8,2.8,2927.736,0,0,0,0,1,0,0,0,0,0,0,0,0,0,0,0,0,0,0,1
97,8,2.2,1984.68,1,0,0,0,0,0,0,0,0,0,0,0,0,0,0,0,0,0,0,1
49,4,2.8,1302.696,0,0,0,0,0,0,0,0,0,0,1,0,0,0,0,0,0,0,0,1
97,8,2.8,2261.736,0,0,0,0,0,0,0,0,0,0,1,0,0,0,0,0,0,0,0,1
88,6,2.8,2288.376,0,0,0,0,0,0,0,0,0,0,1,0,0,0,0,0,0,0,0,1
47,4,2.25,1140.192,0,0,0,0,1,0,0,0,0,0,0,0,0,0,0,0,0,0,0,1
69,8,2.5,2208.456,0,0,0,0,0,0,0,0,0,0,1,0,0,0,0,0,0,0,0,1
67,6,2.2,1542.456,0,0,0,0,0,0,0,0,0,0,1,0,0,0,0,0,0,0,0,1
97,8,3,2533.464,1,0,0,0,0,0,0,0,0,0,0,0,0,0,0,0,0,0,0,1
88,12,2.15,1755.576,1,0,0,0,0,0,0,0,0,0,0,0,0,0,0,0,0,0,0,1
88,8,1.95,2922.408,0,0,0,0,0,0,0,0,0,0,1,0,0,0,0,0,0,0,0,1
67,8,1.7,2602.728,0,0,1,0,0,0,0,0,0,0,0,0,0,0,0,0,0,0,0,1
93,16,2.5,3140.856,0,0,0,0,0,0,0,0,0,0,1,0,0,0,0,0,0,0,0,1
88,8,2.2,1755.603,0,0,0,0,0,0,0,0,0,0,1,0,0,0,0,0,0,0,0,1
29,2,2.19,530.136,1,0,0,0,0,0,0,0,0,0,0,0,0,0,0,0,0,0,0,1
93,8,3,3162.168,0,0,1,0,0,0,0,0,0,0,0,0,0,0,0,0,0,0,0,1
49,8,2.54,1302.696,0,0,0,0,0,0,0,1,0,0,0,0,0,0,0,0,0,0,0,1
93,8,2,4872.456,0,0,0,0,1,0,0,0,0,0,0,0,0,0,0,0,0,0,0,1
75,8,2.05,1968.696,0,0,0,0,0,0,0,0,0,0,1,0,0,0,0,0,0,0,0,1
93,8,3.2,3460.536,0,0,0,0,0,0,0,0,0,0,1,0,0,0,0,0,0,0,0,1
93,8,2.5,2608.056,1,0,0,0,0,0,0,0,0,0,0,0,0,0,0,0,0,0,0,1
95,16,3.42,7685.267,0,0,0,0,1,0,0,0,0,0,0,0,0,0,0,0,0,0,0,1
0,6,2.4,1329.336,0,0,0,0,0,0,0,0,0,0,1,0,0,0,0,0,0,0,0,1
88,16,1.63,3910.752,0,0,1,0,0,0,0,0,0,0,0,0,0,0,0,0,0,0,0,1
52,4,1.3,1355.976,0,0,1,0,0,0,0,0,0,0,0,0,0,0,0,0,0,0,0,1
93,16,2.9,5653.008,0,0,1,0,0,0,0,0,0,0,0,0,0,0,0,0,0,0,0,1
67,6,2.8,1728.936,0,0,0,0,0,0,0,0,0,0,1,0,0,0,0,0,0,0,0,1
67,8,2.2,1462.536,0,0,0,0,0,0,0,0,0,0,1,0,0,0,0,0,0,0,0,1
93,8,2.5,3369.96,0,0,1,0,0,0,0,0,0,0,0,0,0,0,0,0,0,0,0,1
102,4,2.2,959.0134,0,0,0,0,0,0,0,0,0,0,1,0,0,0,0,0,0,0,0,1
90,16,1.28,5261.4,0,0,0,0,0,0,0,1,0,0,0,0,0,0,0,0,0,0,0,1
80,8,2.2,2778.552,0,0,0,0,0,0,0,0,0,0,0,0,0,0,0,0,1,0,0,1
67,8,2.3,2181.816,0,0,0,0,0,0,0,0,0,0,1,0,0,0,0,0,0,0,0,1
49,4,1.86,1249.416,0,0,0,0,0,0,0,1,0,0,0,0,0,0,0,0,0,0,0,1
67,8,1.1,2661.336,0,0,0,0,0,0,0,0,0,0,1,0,0,0,0,0,0,0,0,1
97,16,1.21,6657.336,0,0,0,0,1,0,0,0,0,0,0,0,0,0,0,0,0,0,0,1
93,16,2.8,5591.736,0,0,0,0,0,0,0,0,0,0,0,1,0,0,0,0,0,0,0,1
11,8,2.23,1249.416,1,0,0,0,0,0,0,0,0,0,0,0,0,0,0,0,0,0,0,1
34,2,1.1,732.6,0,0,1,0,0,0,0,0,0,0,0,0,0,0,0,0,0,0,0,1
75,8,2.33,2248.416,0,0,0,0,1,0,0,0,0,0,0,0,0,0,0,0,0,0,0,1
97,16,1.29,6524.136,0,0,0,0,0,0,0,1,0,0,0,0,0,0,0,0,0,0,0,1
30,4,1.45,1225.174,0,0,0,0,0,0,0,0,0,0,1,0,0,0,0,0,0,0,0,1
67,8,1.95,2610.72,0,0,0,0,0,0,0,1,0,0,0,0,0,0,0,0,0,0,0,1
101,4,1.4,1292.04,1,0,0,0,0,0,0,0,0,0,0,0,0,0,0,0,0,0,0,1
88,8,1.48,3441.888,0,0,0,0,0,0,0,1,0,0,0,0,0,0,0,0,0,0,0,1
67,4,2.79,1569.096,0,0,0,0,0,0,0,0,0,0,1,0,0,0,0,0,0,0,0,1
88,8,2,2914.416,0,0,1,0,0,0,0,0,0,0,0,0,0,0,0,0,0,0,0,1
97,8,2.1,2402.928,0,0,0,0,0,0,0,1,0,0,0,0,0,0,0,0,0,0,0,1
4,8,2.2,1755.576,1,0,0,0,0,0,0,0,0,0,0,0,0,0,0,0,0,0,0,1
34,4,1.44,777.888,0,0,0,0,0,0,0,0,0,0,1,0,0,0,0,0,0,0,0,1
67,6,2.23,1462.536,1,0,0,0,0,0,0,0,0,0,0,0,0,0,0,0,0,0,0,1
88,8,1.7,2796.934,0,0,1,0,0,0,0,0,0,0,0,0,0,0,0,0,0,0,0,1
88,8,1.26,3556.44,0,0,0,0,0,0,0,1,0,0,0,0,0,0,0,0,0,0,0,1
93,32,2.06,7030.296,0,0,0,0,1,0,0,0,0,0,0,0,0,0,0,0,0,0,0,1
93,8,2.7,3194.136,0,0,0,0,0,0,0,0,0,0,0,1,0,0,0,0,0,0,0,1
67,8,2.0,2512.152,0,0,0,0,0,0,0,0,0,0,0,0,0,0,0,0,1,0,0,1
88,8,2,3553.776,0,0,1,0,0,0,0,0,0,0,0,0,0,0,0,0,0,0,0,1
49,4,1.85,1196.136,0,0,0,0,0,0,0,0,0,0,1,0,0,0,0,0,0,0,0,1
93,8,2.5,2661.336,0,0,1,0,0,0,0,0,0,0,0,0,0,0,0,0,0,0,0,1
70,8,1.48,3377.952,0,0,0,0,0,0,0,1,0,0,0,0,0,0,0,0,0,0,0,1
75,8,1.9,2794.536,0,0,0,0,1,0,0,0,0,0,0,0,0,0,0,0,0,0,0,1
67,8,1.84,3047.616,0,0,0,0,0,0,0,1,0,0,0,0,0,0,0,0,0,0,0,1
34,4,2,732.5734,0,0,1,0,0,0,0,0,0,0,0,0,0,0,0,0,0,0,0,1
75,8,2,3044.286,0,0,0,0,1,0,0,0,0,0,0,0,0,0,0,0,0,0,0,1
33,4,2.2,732.3336,0,0,0,0,1,0,0,0,0,0,0,0,0,0,0,0,0,0,0,1
5,12,2.2,2394.936,0,0,0,0,0,0,0,0,0,0,1,0,0,0,0,0,0,0,0,1
52,8,2.1,1907.424,0,0,0,0,0,0,0,1,0,0,0,0,0,0,0,0,0,0,0,1
97,16,1.4,5591.736,0,0,0,0,0,0,0,0,0,0,1,0,0,0,0,0,0,0,0,1
97,8,1.2,4206.456,0,0,0,0,1,0,0,0,0,0,0,0,0,0,0,0,0,0,0,1
93,16,2.4,3007.656,0,0,0,0,0,0,0,0,0,0,1,0,0,0,0,0,0,0,0,1
33,2,1.44,743.256,0,0,0,0,0,0,0,1,0,0,0,0,0,0,0,0,0,0,0,1
98,16,1.88,4283.605,0,0,0,0,1,0,0,0,0,0,0,0,0,0,0,0,0,0,0,1
34,4,1.5,999.0,0,0,1,0,0,0,0,0,0,0,0,0,0,0,0,0,0,0,0,1
75,8,1.9,1766.232,0,0,0,0,1,0,0,0,0,0,0,0,0,0,0,0,0,0,0,1
93,16,2.06,5401.047,0,0,0,0,1,0,0,0,0,0,0,0,0,0,0,0,0,0,0,1
88,8,1.84,3473.856,0,0,0,0,0,0,0,1,0,0,0,0,0,0,0,0,0,0,0,1
93,8,2.7,3753.576,0,0,0,0,0,0,0,0,0,0,0,1,0,0,0,0,0,0,0,1
93,8,2.6,4630.751,0,0,0,0,0,0,0,1,0,0,0,0,0,0,0,0,0,0,0,1
80,16,2.4,3737.592,0,0,0,0,0,0,0,0,0,0,0,0,0,0,0,0,1,0,0,1
97,8,2.02,2586.478,0,0,0,0,1,0,0,0,0,0,0,0,0,0,0,0,0,0,0,1
34,4,2.2,857.7814,0,0,0,0,0,0,0,0,0,0,1,0,0,0,0,0,0,0,0,1
69,8,2.65,2661.336,0,0,0,0,1,0,0,0,0,0,0,0,0,0,0,0,0,0,0,1
67,8,2.36,1484.834,0,0,0,0,1,0,0,0,0,0,0,0,0,0,0,0,0,0,0,1
70,8,1.36,3801.528,0,0,0,0,1,0,0,0,0,0,0,0,0,0,0,0,0,0,0,1
49,4,1.86,1169.496,0,0,0,0,0,0,0,1,0,0,0,0,0,0,0,0,0,0,0,1
67,8,2,2517.48,0,0,1,0,0,0,0,0,0,0,0,0,0,0,0,0,0,0,0,1
67,6,2.8,1915.416,0,0,0,0,0,0,0,0,0,0,1,0,0,0,0,0,0,0,0,1
67,8,1.86,1702.296,0,0,0,0,0,0,0,1,0,0,0,0,0,0,0,0,0,0,0,1
49,8,2.2,1329.336,0,0,0,0,0,0,0,0,0,0,1,0,0,0,0,0,0,0,0,1
101,8,2.04,1036.296,0,0,0,0,0,0,0,1,0,0,0,0,0,0,0,0,0,0,0,1
75,8,2.8,2890.44,0,0,0,0,1,0,0,0,0,0,0,0,0,0,0,0,0,0,0,1
69,8,2.4,2155.176,0,0,0,0,0,0,0,0,0,0,1,0,0,0,0,0,0,0,0,1
88,8,2.33,2394.936,0,0,0,0,1,0,0,0,0,0,0,0,0,0,0,0,0,0,0,1
88,8,1.36,4662.0,0,0,0,0,0,0,0,1,0,0,0,0,0,0,0,0,0,0,0,1
88,12,2.26,2927.736,0,0,1,0,0,0,0,0,0,0,0,0,0,0,0,0,0,0,0,1
13,4,2.1,1134.864,1,0,0,0,0,0,0,0,0,0,0,0,0,0,0,0,0,0,0,1
24,16,3.25,5858.136,0,0,1,0,0,0,0,0,0,0,0,0,0,0,0,0,0,0,0,1
11,4,2.6,1302.696,0,0,0,0,0,0,0,0,0,0,1,0,0,0,0,0,0,0,0,1
97,8,1.62,2315.043,0,0,0,0,1,0,0,0,0,0,0,0,0,0,0,0,0,0,0,1
13,4,1.91,1302.669,0,0,0,0,0,0,0,1,0,0,0,0,0,0,0,0,0,0,0,1
37,4,1.59,1473.192,0,0,0,0,0,0,0,0,0,0,1,0,0,0,0,0,0,0,0,1
32,4,1.8,823.176,0,0,0,0,1,0,0,0,0,0,0,0,0,0,0,0,0,0,0,1
34,4,1.5,761.904,0,0,1,0,0,0,0,0,0,0,0,0,0,0,0,0,0,0,0,1
93,8,2.4,2253.744,1,0,0,0,0,0,0,0,0,0,0,0,0,0,0,0,0,0,0,1
93,8,3.35,3172.824,0,0,0,0,0,0,0,1,0,0,0,0,0,0,0,0,0,0,0,1
49,4,1.85,1074.924,0,0,0,0,0,0,0,0,0,0,1,0,0,0,0,0,0,0,0,1
93,8,2.3,4408.92,0,0,1,0,0,0,0,0,0,0,0,0,0,0,0,0,0,0,0,1
67,8,1.5,2927.736,0,0,0,0,0,0,0,0,0,0,1,0,0,0,0,0,0,0,0,1
88,16,1.1,4659.07,0,0,1,0,0,0,0,0,0,0,0,0,0,0,0,0,0,0,0,1
88,8,1.13,6079.248,0,0,0,0,0,0,0,0,0,0,1,0,0,0,0,0,0,0,0,1
52,4,1.5,1462.536,0,0,0,0,0,0,0,0,0,0,1,0,0,0,0,0,0,0,0,1
65,8,2.23,3647.016,0,0,0,0,1,0,0,0,0,0,0,0,0,0,0,0,0,0,0,1
85,8,2,5687.64,0,0,0,0,1,0,0,0,0,0,0,0,0,0,0,0,0,0,0,1
88,16,1.42,6683.976,0,0,0,0,0,0,0,0,0,0,1,0,0,0,0,0,0,0,0,1
93,8,3,2767.896,0,0,1,0,0,0,0,0,0,0,0,0,0,0,0,0,0,0,0,1
93,16,3,4238.424,0,0,1,0,0,0,0,0,0,0,0,0,0,0,0,0,0,0,0,1
75,12,2.2,1848.789,1,0,0,0,0,0,0,0,0,0,0,0,0,0,0,0,0,0,0,1
93,8,2.7,3593.736,0,0,0,0,0,0,0,0,0,0,0,1,0,0,0,0,0,0,0,1
88,8,2.33,2074.91,0,0,0,0,1,0,0,0,0,0,0,0,0,0,0,0,0,0,0,1
13,4,1.91,1329.336,0,0,0,0,0,0,0,1,0,0,0,0,0,0,0,0,0,0,0,1
97,8,2.1,3275.548,0,0,0,0,0,0,0,0,0,0,1,0,0,0,0,0,0,0,0,1
67,8,1.9,2498.832,0,0,0,0,0,0,0,0,0,0,1,0,0,0,0,0,0,0,0,1
93,8,1.78,7224.768,0,0,0,0,1,0,0,0,0,0,0,0,0,0,0,0,0,0,0,1
88,16,1.13,6993.0,0,0,0,0,0,0,0,0,0,0,1,0,0,0,0,0,0,0,0,1
34,4,2.2,815.184,0,0,0,0,0,0,0,0,0,0,1,0,0,0,0,0,0,0,0,1
93,16,2.9,4073.256,0,0,1,0,0,0,0,0,0,0,0,0,0,0,0,0,0,0,0,1
75,8,2.1,3048.948,0,0,0,0,0,0,0,0,0,0,1,0,0,0,0,0,0,0,0,1
93,8,2.5,2341.656,1,0,0,0,0,0,0,0,0,0,0,0,0,0,0,0,0,0,0,1
93,16,2.8,5991.336,0,0,0,0,0,0,0,0,0,0,0,1,0,0,0,0,0,0,0,1
88,8,1.10,4989.672,0,0,1,0,0,0,0,0,0,0,0,0,0,0,0,0,0,0,0,1
80,16,1.2,4654.008,0,0,0,0,0,0,0,0,0,0,0,0,0,0,0,0,1,0,0,1
90,8,1.36,4475.52,0,0,0,0,1,0,0,0,0,0,0,0,0,0,0,0,0,0,0,1
49,4,2.2,1089.576,0,0,0,0,0,0,0,0,0,0,1,0,0,0,0,0,0,0,0,1
34,2,1.15,811.0548,0,0,0,0,0,0,0,0,0,0,1,0,0,0,0,0,0,0,0,1
93,8,2.67,5128.2,0,0,0,0,0,0,0,0,0,0,1,0,0,0,0,0,0,0,0,1
93,8,1.7,5176.152,0,0,0,0,0,0,0,0,0,0,1,0,0,0,0,0,0,0,0,1
49,4,2.1,1249.416,0,0,0,0,0,0,0,1,0,0,0,0,0,0,0,0,0,0,0,1
80,8,1.6,2101.923,1,0,0,0,0,0,0,0,0,0,0,0,0,0,0,0,0,0,0,1
67,8,1.27,2472.192,0,0,1,0,0,0,0,0,0,0,0,0,0,0,0,0,0,0,0,1
67,4,2.3,1595.47,0,0,0,0,1,0,0,0,0,0,0,0,0,0,0,0,0,0,0,1
49,4,1.65,1835.496,0,0,0,0,1,0,0,0,0,0,0,0,0,0,0,0,0,0,0,1
80,8,1.43,3996.0,0,0,0,0,0,0,0,1,0,0,0,0,0,0,0,0,0,0,0,1
67,8,2.14,1438.427,0,0,0,0,1,0,0,0,0,0,0,0,0,0,0,0,0,0,0,1
97,8,1.75,3237.772,0,0,0,0,0,0,0,0,0,0,1,0,0,0,0,0,0,0,0,1
93,16,2,5058.936,0,0,0,0,0,0,0,0,0,0,1,0,0,0,0,0,0,0,0,1
37,6,1.4,1196.136,0,0,0,1,0,0,0,0,0,0,0,0,0,0,0,0,0,0,0,1
95,8,2.31,3801.528,0,0,0,0,0,0,0,1,0,0,0,0,0,0,0,0,0,0,0,1
52,8,2.3,1590.408,0,0,1,0,0,0,0,0,0,0,0,0,0,0,0,0,0,0,0,1
94,16,4.42,7456.536,0,0,0,0,1,0,0,0,0,0,0,0,0,0,0,0,0,0,0,1
93,8,2.62,3087.576,0,0,0,0,1,0,0,0,0,0,0,0,0,0,0,0,0,0,0,1
97,8,2.02,3043.354,0,0,0,0,1,0,0,0,0,0,0,0,0,0,0,0,0,0,0,1
90,8,1.6,2927.736,0,0,0,0,1,0,0,0,0,0,0,0,0,0,0,0,0,0,0,1
93,12,3.35,5325.336,0,0,0,0,0,0,0,1,0,0,0,0,0,0,0,0,0,0,0,1
34,4,1.16,796.536,0,0,0,0,0,0,0,0,0,0,0,0,1,0,0,0,0,0,0,1
33,4,1.15,716.616,0,0,0,0,0,0,0,0,0,0,0,0,0,0,0,1,0,0,0,1
88,8,1.4,2690.64,0,0,0,0,0,0,0,0,0,0,1,0,0,0,0,0,0,0,0,1
53,4,1.7,1595.736,0,0,0,0,0,0,0,0,0,0,1,0,0,0,0,0,0,0,0,1
90,16,2.3,6513.48,0,0,0,0,0,0,0,0,0,0,1,0,0,0,0,0,0,0,0,1
95,16,2.5,6524.136,0,0,0,0,0,0,0,0,0,0,1,0,0,0,0,0,0,0,0,1
23,8,3.2,4515.48,0,0,1,0,0,0,0,0,0,0,0,0,0,0,0,0,0,0,0,1
33,4,2.1,924.408,0,0,0,0,0,0,0,1,0,0,0,0,0,0,0,0,0,0,0,1
96,16,1.1,5858.136,0,0,0,0,0,0,1,0,0,0,0,0,0,0,0,0,0,0,0,1
88,24,1.32,6345.648,0,0,0,0,0,0,0,0,0,0,1,0,0,0,0,0,0,0,0,1
67,4,2,1489.176,0,0,1,0,0,0,0,0,0,0,0,0,0,0,0,0,0,0,0,1
8,8,2.8,1382.616,0,0,0,0,0,0,0,0,0,0,1,0,0,0,0,0,0,0,0,1
75,4,2.2,1995.336,0,0,0,0,1,0,0,0,0,0,0,0,0,0,0,0,0,0,0,1
67,8,1.36,3806.856,0,0,0,0,0,0,0,0,0,0,1,0,0,0,0,0,0,0,0,1
102,4,2.2,929.736,0,0,0,0,0,0,0,0,0,0,1,0,0,0,0,0,0,0,0,1
93,8,2.2,2927.736,0,0,0,0,0,0,0,1,0,0,0,0,0,0,0,0,0,0,0,1
71,8,1.64,3140.856,0,0,0,0,1,0,0,0,0,0,0,0,0,0,0,0,0,0,0,1
67,4,2.4,1176.955,1,0,0,0,0,0,0,0,0,0,0,0,0,0,0,0,0,0,0,1
103,8,2.23,5309.352,0,0,0,0,1,0,0,0,0,0,0,0,0,0,0,0,0,0,0,1
69,8,2.2,2737.899,0,0,0,0,0,0,0,0,0,0,0,1,0,0,0,0,0,0,0,1
91,16,1.25,6897.096,0,0,0,0,0,0,0,0,0,0,0,0,0,1,0,0,0,0,0,1
67,8,1.91,1569.096,0,0,0,0,0,0,0,1,0,0,0,0,0,0,0,0,0,0,0,1
85,16,2.17,5261.4,0,0,0,0,1,0,0,0,0,0,0,0,0,0,0,0,0,0,0,1
95,8,2.31,4086.576,0,0,0,0,0,0,0,1,0,0,0,0,0,0,0,0,0,0,0,1
67,8,1.65,3583.08,0,0,0,0,0,0,0,0,0,0,1,0,0,0,0,0,0,0,0,1
97,8,2.36,2608.056,0,0,0,0,1,0,0,0,0,0,0,0,0,0,0,0,0,0,0,1
101,4,1.47,1276.056,0,0,0,0,1,0,0,0,0,0,0,0,0,0,0,0,0,0,0,1
92,8,4.42,5450.544,0,0,0,0,1,0,0,0,0,0,0,0,0,0,0,0,0,0,0,1
45,4,1.25,2634.696,0,0,0,0,0,0,0,0,0,0,0,0,0,1,0,0,0,0,0,1
91,8,1.25,4792.536,0,0,0,0,0,0,0,0,0,0,0,0,0,1,0,0,0,0,0,1
49,8,2.5,1704.694,0,0,0,0,0,0,0,1,0,0,0,0,0,0,0,0,0,0,0,1
49,4,2.23,1449.216,1,0,0,0,0,0,0,0,0,0,0,0,0,0,0,0,0,0,0,1
33,4,1.4,1158.84,1,0,0,0,0,0,0,0,0,0,0,0,0,0,0,0,0,0,0,1
67,8,2.37,1995.336,0,0,1,0,0,0,0,0,0,0,0,0,0,0,0,0,0,0,0,1
88,8,1.5,2128.536,0,0,0,0,0,0,0,0,0,0,1,0,0,0,0,0,0,0,0,1
95,8,2.67,5567.76,0,0,0,0,0,0,0,0,0,0,1,0,0,0,0,0,0,0,0,1
102,4,2,809.856,0,0,1,0,0,0,0,0,0,0,0,0,0,0,0,0,0,0,0,1
49,4,2.2,1249.416,1,0,0,0,0,0,0,0,0,0,0,0,0,0,0,0,0,0,0,1
75,8,2.02,2021.976,0,0,0,0,1,0,0,0,0,0,0,0,0,0,0,0,0,0,0,1
93,12,3.78,4526.136,0,0,0,0,0,0,0,1,0,0,0,0,0,0,0,0,0,0,0,1
82,12,1.4,4949.712,0,0,0,0,0,0,0,0,0,0,1,0,0,0,0,0,0,0,0,1
97,8,1.29,5325.336,0,0,0,0,0,0,0,1,0,0,0,0,0,0,0,0,0,0,0,1
67,8,1.9,3074.256,0,0,0,0,0,0,0,1,0,0,0,0,0,0,0,0,0,0,0,1
74,8,1.1,3396.6,0,0,0,0,0,0,1,0,0,0,0,0,0,0,0,0,0,0,0,1
75,8,1.42,4906.688,0,0,0,0,1,0,0,0,0,0,0,0,0,0,0,0,0,0,0,1
83,12,2.06,3460.536,0,0,1,0,0,0,0,0,0,0,0,0,0,0,0,0,0,0,0,1
51,8,1.79,1971.36,0,0,0,0,1,0,0,0,0,0,0,0,0,0,0,0,0,0,0,1
93,8,1.78,6414.912,0,0,0,0,1,0,0,0,0,0,0,0,0,0,0,0,0,0,0,1
67,8,1.7,3633.696,0,0,0,0,0,0,0,0,0,0,1,0,0,0,0,0,0,0,0,1
75,8,2.2,1798.2,0,0,0,0,1,0,0,0,0,0,0,0,0,0,0,0,0,0,0,1
67,8,1.05,4454.208,0,0,0,0,0,0,0,0,0,0,0,0,0,0,0,0,1,0,0,1
97,8,2.16,3361.968,0,0,0,0,1,0,0,0,0,0,0,0,0,0,0,0,0,0,0,1
52,4,2.18,1562.702,0,0,0,0,1,0,0,0,0,0,0,0,0,0,0,0,0,0,0,1
75,4,1.49,1934.064,0,0,0,0,0,0,0,1,0,0,0,0,0,0,0,0,0,0,0,1
27,4,1.89,663.0696,0,0,0,1,0,0,0,0,0,0,0,0,0,0,0,0,0,0,0,1
47,4,2.3,1505.16,0,0,0,0,0,0,0,0,0,0,1,0,0,0,0,0,0,0,0,1
75,8,1.75,2794.536,0,0,0,0,0,0,0,0,0,0,1,0,0,0,0,0,0,0,0,1
85,16,2.17,6228.432,0,0,0,0,1,0,0,0,0,0,0,0,0,0,0,0,0,0,0,1
93,16,2.06,5058.936,0,0,0,0,1,0,0,0,0,0,0,0,0,0,0,0,0,0,0,1
88,16,1.36,4789.872,0,0,0,0,0,0,0,0,0,0,1,0,0,0,0,0,0,0,0,1
88,16,0.91,5194.8,0,0,1,0,0,0,0,0,0,0,0,0,0,0,0,0,0,0,0,1
67,8,2.3,2695.941,0,0,0,0,0,0,0,0,0,0,1,0,0,0,0,0,0,0,0,1
88,32,1.05,7456.536,0,0,0,0,0,0,0,0,0,0,0,0,0,0,0,0,1,0,0,1
93,8,1.99,3596.4,0,0,1,0,0,0,0,0,0,0,0,0,0,0,0,0,0,0,0,1
1,8,2.2,1542.456,1,0,0,0,0,0,0,0,0,0,0,0,0,0,0,0,0,0,0,1
83,24,4.33,3380.616,0,0,1,0,0,0,0,0,0,0,0,0,0,0,0,0,0,0,0,1
61,8,1.3,2927.736,0,0,0,0,0,0,0,0,0,0,1,0,0,0,0,0,0,0,0,1
97,8,2.17,2394.67,0,0,0,0,0,0,0,0,0,0,1,0,0,0,0,0,0,0,0,1
90,8,1.48,4659.336,0,0,0,0,0,0,0,1,0,0,0,0,0,0,0,0,0,0,0,1
52,8,1.4,2528.136,0,0,0,0,0,0,0,0,0,0,1,0,0,0,0,0,0,0,0,1
67,8,2.3,2426.904,0,0,0,0,0,0,0,0,0,0,1,0,0,0,0,0,0,0,0,1
34,4,1.2,905.76,0,0,1,0,0,0,0,0,0,0,0,0,0,0,0,0,0,0,0,1
67,8,1.91,1648.989,0,0,0,0,0,0,0,1,0,0,0,0,0,0,0,0,0,0,0,1
75,8,1.4,4259.736,0,0,0,0,0,0,0,0,0,0,1,0,0,0,0,0,0,0,0,1
34,4,2.1,796.536,0,0,0,0,0,0,0,0,0,0,1,0,0,0,0,0,0,0,0,1
33,4,1.25,705.96,0,0,0,0,0,0,0,0,0,0,1,0,0,0,0,0,0,0,0,1
67,8,1.44,2528.136,0,0,0,0,0,0,0,0,0,0,1,0,0,0,0,0,0,0,0,1
88,8,2,3260.736,0,0,1,0,0,0,0,0,0,0,0,0,0,0,0,0,0,0,0,1
75,4,2.2,1633.032,1,0,0,0,0,0,0,0,0,0,0,0,0,0,0,0,0,0,0,1
88,8,1.34,3524.472,0,0,0,0,0,0,0,1,0,0,0,0,0,0,0,0,0,0,0,1
93,8,2.4,3060.936,0,0,0,0,0,0,0,0,0,0,1,0,0,0,0,0,0,0,0,1
67,8,1.29,2394.936,0,0,0,0,1,0,0,0,0,0,0,0,0,0,0,0,0,0,0,1
88,4,2.2,1702.296,1,0,0,0,0,0,0,0,0,0,0,0,0,0,0,0,0,0,0,1
67,8,2.18,2227.104,0,0,0,0,1,0,0,0,0,0,0,0,0,0,0,0,0,0,0,1
97,16,2.2,3248.055,0,0,0,0,1,0,0,0,0,0,0,0,0,0,0,0,0,0,0,1
97,16,1.95,3729.467,0,0,0,0,0,0,0,0,0,0,0,0,0,0,0,0,0,0,1,1
34,2,1.1,652.68,0,0,1,0,0,0,0,0,0,0,0,0,0,0,0,0,0,0,0,1
75,4,2.04,1389.196,0,0,0,0,0,0,0,1,0,0,0,0,0,0,0,0,0,0,0,1
93,24,2.24,7906.752,0,0,1,0,0,0,0,0,0,0,0,0,0,0,0,0,0,0,0,1
67,8,2.04,2368.296,0,0,0,0,0,0,0,1,0,0,0,0,0,0,0,0,0,0,0,1
93,16,3,4006.656,0,0,1,0,0,0,0,0,0,0,0,0,0,0,0,0,0,0,0,1
93,8,3.2,3726.936,0,0,0,0,0,0,0,0,0,0,1,0,0,0,0,0,0,0,0,1
88,8,1.32,3726.936,0,0,0,0,0,0,0,1,0,0,0,0,0,0,0,0,0,0,0,1
70,8,1.64,3409.201,0,0,0,0,1,0,0,0,0,0,0,0,0,0,0,0,0,0,0,1
49,4,1.63,1835.496,0,0,0,0,0,0,0,1,0,0,0,0,0,0,0,0,0,0,0,1
75,8,2.8,2368.296,0,0,0,0,1,0,0,0,0,0,0,0,0,0,0,0,0,0,0,1
61,8,2.02,3569.76,0,0,0,0,0,0,0,0,0,0,1,0,0,0,0,0,0,0,0,1
88,4,2.2,2128.536,0,0,0,0,0,0,0,0,0,0,1,0,0,0,0,0,0,0,0,1
49,8,2.2,1222.776,0,0,0,0,0,0,0,0,0,0,1,0,0,0,0,0,0,0,0,1
67,4,2.3,1558.44,0,0,0,0,1,0,0,0,0,0,0,0,0,0,0,0,0,0,0,1
71,8,1.9,3668.328,0,0,0,0,1,0,0,0,0,0,0,0,0,0,0,0,0,0,0,1
93,16,4.42,8026.019,0,0,0,0,1,0,0,0,0,0,0,0,0,0,0,0,0,0,0,1
67,8,2.0,2291.04,0,0,0,0,0,0,0,0,0,0,0,0,0,0,0,0,1,0,0,1
88,8,2,3460.536,0,0,1,0,0,0,0,0,0,0,0,0,0,0,0,0,0,0,0,1
37,4,1.2,983.016,0,0,0,0,0,0,0,0,0,0,0,0,1,0,0,0,0,0,0,1
69,8,2.3,4392.936,0,0,1,0,0,0,0,0,0,0,0,0,0,0,0,0,0,0,0,1
90,8,1.93,3647.016,0,0,0,0,1,0,0,0,0,0,0,0,0,0,0,0,0,0,0,1
75,8,2.2,2124.3,0,0,0,0,1,0,0,0,0,0,0,0,0,0,0,0,0,0,0,1
101,4,1.86,1062.909,0,0,0,0,0,0,0,1,0,0,0,0,0,0,0,0,0,0,0,1
93,12,2.62,4792.536,0,0,0,0,0,0,0,1,0,0,0,0,0,0,0,0,0,0,0,1
88,8,1.87,2288.376,0,0,0,0,0,0,0,0,0,0,1,0,0,0,0,0,0,0,0,1
97,8,1.2,3726.936,0,0,0,0,1,0,0,0,0,0,0,0,0,0,0,0,0,0,0,1
49,4,1.6,1960.358,0,0,0,0,1,0,0,0,0,0,0,0,0,0,0,0,0,0,0,1
88,8,1.34,3050.28,0,0,0,0,0,0,0,1,0,0,0,0,0,0,0,0,0,0,0,1
69,8,2.4,2125.872,1,0,0,0,0,0,0,0,0,0,0,0,0,0,0,0,0,0,0,1
16,4,2,929.736,0,0,1,0,0,0,0,0,0,0,0,0,0,0,0,0,0,0,0,1
52,4,2.1,1879.452,0,0,0,0,0,0,0,1,0,0,0,0,0,0,0,0,0,0,0,1
67,4,1.87,2091.24,0,0,0,0,0,0,0,0,0,0,1,0,0,0,0,0,0,0,0,1
61,4,2.15,1231.7,0,0,0,0,0,0,0,0,0,0,1,0,0,0,0,0,0,0,0,1
49,4,1.86,1057.608,0,0,0,0,0,0,0,1,0,0,0,0,0,0,0,0,0,0,0,1
88,8,1.99,4606.056,0,0,0,0,0,0,0,0,0,0,1,0,0,0,0,0,0,0,0,1
49,4,2.2,1329.336,0,0,0,0,0,0,0,0,0,0,1,0,0,0,0,0,0,0,0,1
67,8,1.9,2975.661,0,0,0,0,1,0,0,0,0,0,0,0,0,0,0,0,0,0,0,1
93,16,4.42,7190.136,0,0,0,0,1,0,0,0,0,0,0,0,0,0,0,0,0,0,0,1
49,8,2.65,1449.616,0,0,0,0,0,0,0,1,0,0,0,0,0,0,0,0,0,0,0,1
88,8,2.63,3409.92,0,0,0,0,0,0,0,1,0,0,0,0,0,0,0,0,0,0,0,1
34,4,2,596.736,0,0,1,0,0,0,0,0,0,0,0,0,0,0,0,0,0,0,0,1
27,4,1.35,679.32,0,0,0,0,0,0,0,0,0,0,0,0,1,0,0,0,0,0,0,1
88,6,2.8,2528.136,0,0,0,0,0,0,0,0,0,0,1,0,0,0,0,0,0,0,0,1
2,6,1.91,1515.55,0,0,0,0,0,0,0,1,0,0,0,0,0,0,0,0,0,0,0,1
49,4,2.18,1646.086,0,0,0,0,1,0,0,0,0,0,0,0,0,0,0,0,0,0,0,1
35,4,1.25,929.736,1,0,0,0,0,0,0,0,0,0,0,0,0,0,0,0,0,0,0,1
53,4,2.05,1678.32,0,0,0,0,0,0,0,0,0,0,1,0,0,0,0,0,0,0,0,1
40,16,1.16,5234.76,0,0,0,0,0,0,0,1,0,0,0,0,0,0,0,0,0,0,0,1
93,8,3.4,7989.336,0,0,0,0,0,0,0,0,0,0,1,0,0,0,0,0,0,0,0,1
69,8,2.5,2235.096,0,0,1,0,0,0,0,0,0,0,0,0,0,0,0,0,0,0,0,1
75,8,1.21,4259.736,0,0,0,0,1,0,0,0,0,0,0,0,0,0,0,0,0,0,0,1
70,4,1.93,2554.776,0,0,0,0,1,0,0,0,0,0,0,0,0,0,0,0,0,0,0,1
67,8,2.2,1968.696,0,0,0,0,0,1,0,0,0,0,0,0,0,0,0,0,0,0,0,1
102,4,2.2,916.416,0,0,0,0,0,0,0,0,0,0,1,0,0,0,0,0,0,0,0,1
67,4,2.02,2637.36,0,0,0,0,0,0,0,0,0,0,1,0,0,0,0,0,0,0,0,1
71,8,3.14,4957.677,0,0,0,0,0,0,0,1,0,0,0,0,0,0,0,0,0,0,0,1
101,8,1.94,1036.296,0,0,0,0,0,0,0,1,0,0,0,0,0,0,0,0,0,0,0,1
14,6,1.95,1728.936,0,0,0,0,0,0,0,1,0,0,0,0,0,0,0,0,0,0,0,1
67,8,2.3,2211.12,0,0,0,0,0,0,0,0,0,0,1,0,0,0,0,0,0,0,0,1
75,4,2.05,1824.84,0,0,0,0,0,0,0,0,0,0,1,0,0,0,0,0,0,0,0,1
27,4,1.4,663.336,0,0,0,0,0,0,0,0,0,0,0,0,1,0,0,0,0,0,0,1
88,16,1.24,4968.36,0,0,0,0,0,0,0,0,0,0,0,0,0,0,0,0,1,0,0,1
84,32,4.6,7094.232,0,0,0,0,0,0,0,0,0,0,1,0,0,0,0,0,0,0,0,1
94,16,4.14,7270.056,0,0,0,0,0,0,0,0,0,0,0,1,0,0,0,0,0,0,0,1
88,8,2.2,1995.363,0,0,0,0,1,0,0,0,0,0,0,0,0,0,0,0,0,0,0,1
37,4,1.45,1036.296,0,0,0,0,0,0,0,0,0,0,0,0,1,0,0,0,0,0,0,1
70,8,1.9,2686.697,0,0,0,0,1,0,0,0,0,0,0,0,0,0,0,0,0,0,0,1
52,4,1.49,1915.416,0,0,0,0,0,0,0,1,0,0,0,0,0,0,0,0,0,0,0,1
90,16,1.93,4095.607,0,0,0,0,1,0,0,0,0,0,0,0,0,0,0,0,0,0,0,1
33,4,1.26,785.88,0,0,0,0,1,0,0,0,0,0,0,0,0,0,0,0,0,0,0,1
84,16,4.5,6257.736,0,0,0,0,0,0,0,0,0,0,0,1,0,0,0,0,0,0,0,1
93,16,3.78,3990.672,0,0,0,0,0,0,0,1,0,0,0,0,0,0,0,0,0,0,0,1
82,12,1.4,4456.872,0,0,0,0,0,0,0,0,0,0,1,0,0,0,0,0,0,0,0,1
97,12,2.2,1622.376,0,0,0,0,0,0,0,0,0,0,1,0,0,0,0,0,0,0,0,1
69,8,2.73,4715.28,0,0,1,0,0,0,0,0,0,0,0,0,0,0,0,0,0,0,0,1
67,8,2.2,1968.696,0,0,1,0,0,0,0,0,0,0,0,0,0,0,0,0,0,0,0,1
5,12,2.2,2528.136,0,0,0,0,0,0,0,0,0,0,1,0,0,0,0,0,0,0,0,1
41,4,1.39,1606.392,0,0,0,0,1,0,0,0,0,0,0,0,0,0,0,0,0,0,0,1
93,16,2.5,4526.136,0,0,0,0,0,0,0,0,0,0,0,0,0,0,0,1,0,0,0,1
49,4,2.8,1409.256,0,0,0,0,0,0,0,0,0,0,1,0,0,0,0,0,0,0,0,1
51,8,2.29,1222.776,0,0,0,0,0,0,0,0,0,0,1,0,0,0,0,0,0,0,0,1
88,8,1.37,5394.6,0,0,0,0,0,0,0,0,0,0,1,0,0,0,0,0,0,0,0,1
69,8,1.7,3926.736,0,0,0,0,0,0,0,0,0,0,1,0,0,0,0,0,0,0,0,1
67,8,1.34,4448.88,0,0,0,0,1,0,0,0,0,0,0,0,0,0,0,0,0,0,0,1
93,8,2.06,4696.632,0,0,0,0,1,0,0,0,0,0,0,0,0,0,0,0,0,0,0,1
88,8,1.84,3247.416,0,0,0,0,0,0,0,1,0,0,0,0,0,0,0,0,0,0,0,1
52,4,2.1,1780.831,0,0,0,0,0,0,0,1,0,0,0,0,0,0,0,0,0,0,0,1
37,4,1.6,876.456,1,0,0,0,0,0,0,0,0,0,0,0,0,0,0,0,0,0,0,1
84,16,4.14,5858.136,0,0,0,0,0,0,0,0,0,0,0,1,0,0,0,0,0,0,0,1
49,4,2.18,1238.76,0,0,0,0,1,0,0,0,0,0,0,0,0,0,0,0,0,0,0,1
93,16,1.8,6124.536,0,0,0,0,0,0,0,0,0,0,0,1,0,0,0,0,0,0,0,1
80,8,2.2,3726.936,0,0,0,0,0,0,0,0,0,0,0,0,0,0,0,0,1,0,0,1
67,6,2.4,1502.496,0,0,0,0,0,0,0,0,0,0,1,0,0,0,0,0,0,0,0,1
93,8,2,3460.536,0,0,0,0,0,0,0,0,0,0,1,0,0,0,0,0,0,0,0,1
101,4,1.6,929.736,1,0,0,0,0,0,0,0,0,0,0,0,0,0,0,0,0,0,0,1
105,32,2.5,13050.94,0,0,0,0,0,0,0,0,0,0,1,0,0,0,0,0,0,0,0,1
83,16,2.59,2341.683,0,0,0,0,1,0,0,0,0,0,0,0,0,0,0,0,0,0,0,1
47,4,2.18,1182.55,0,0,0,0,1,0,0,0,0,0,0,0,0,0,0,0,0,0,0,1
47,4,2.25,956.376,0,0,0,0,1,0,0,0,0,0,0,0,0,0,0,0,0,0,0,1
70,4,1.93,2315.016,0,0,0,0,1,0,0,0,0,0,0,0,0,0,0,0,0,0,0,1
93,8,3,3111.552,0,0,1,0,0,0,0,0,0,0,0,0,0,0,0,0,0,0,0,1
67,4,2.18,1515.816,0,0,0,0,1,0,0,0,0,0,0,0,0,0,0,0,0,0,0,1
88,8,1.84,3700.296,0,0,0,0,0,0,0,1,0,0,0,0,0,0,0,0,0,0,0,1
93,16,2.94,6041.579,0,0,0,0,0,0,0,0,0,0,0,1,0,0,0,0,0,0,0,1
36,4,1.25,1009.656,1,0,0,0,0,0,0,0,0,0,0,0,0,0,0,0,0,0,0,1
70,8,2.31,2994.336,0,0,0,0,0,0,0,1,0,0,0,0,0,0,0,0,0,0,0,1
61,8,1.65,3902.76,0,0,0,0,0,0,0,0,0,0,1,0,0,0,0,0,0,0,0,1
75,4,2.2,2067.264,0,0,0,0,1,0,0,0,0,0,0,0,0,0,0,0,0,0,0,1
67,8,2.2,2128.536,0,0,0,0,0,1,0,0,0,0,0,0,0,0,0,0,0,0,0,1
61,4,1.88,2482.848,0,0,0,0,0,0,0,1,0,0,0,0,0,0,0,0,0,0,0,1
88,8,2.2,2394.936,0,0,0,0,0,0,0,0,0,0,1,0,0,0,0,0,0,0,0,1
27,2,1.4,636.696,0,0,0,0,0,0,0,0,0,0,0,0,1,0,0,0,0,0,0,1
67,4,2.2,1246.752,0,0,0,0,0,0,0,0,0,0,1,0,0,0,0,0,0,0,0,1
67,6,1.5,1702.323,0,0,1,0,0,0,0,0,0,0,0,0,0,0,0,0,0,0,0,1
93,8,2,4848.48,0,0,0,0,1,0,0,0,0,0,0,0,0,0,0,0,0,0,0,1
88,16,1.1,5061.6,0,0,1,0,0,0,0,0,0,0,0,0,0,0,0,0,0,0,0,1
93,16,2.62,3940.056,0,0,0,0,1,0,0,0,0,0,0,0,0,0,0,0,0,0,0,1
75,4,1.8,2208.456,0,0,0,0,0,0,0,0,0,0,1,0,0,0,0,0,0,0,0,1
49,4,2.2,1542.456,0,0,0,0,0,0,0,0,0,0,1,0,0,0,0,0,0,0,0,1
34,8,2,1062.936,0,0,1,0,0,0,0,0,0,0,0,0,0,0,0,0,0,0,0,1
69,8,1.99,2415.236,0,0,1,0,0,0,0,0,0,0,0,0,0,0,0,0,0,0,0,1
75,8,1.23,4979.016,0,0,0,0,1,0,0,0,0,0,0,0,0,0,0,0,0,0,0,1
33,2,1.42,663.336,0,0,0,0,0,0,0,0,0,0,1,0,0,0,0,0,0,0,0,1
88,8,1.37,4681.767,0,0,0,0,0,0,0,0,0,0,1,0,0,0,0,0,0,0,0,1
93,16,2.06,6390.936,0,0,0,0,1,0,0,0,0,0,0,0,0,0,0,0,0,0,0,1
93,8,2.5,2954.376,0,0,0,0,0,0,0,0,0,0,1,0,0,0,0,0,0,0,0,1
13,8,2.6,1387.678,0,0,0,0,0,0,0,1,0,0,0,0,0,0,0,0,0,0,0,1
88,16,1.14,6526.8,0,0,0,0,0,0,0,0,0,0,1,0,0,0,0,0,0,0,0,1
93,8,2.5,3114.216,0,0,1,0,0,0,0,0,0,0,0,0,0,0,0,0,0,0,0,1
49,4,2.4,1198.8,1,0,0,0,0,0,0,0,0,0,0,0,0,0,0,0,0,0,0,1
33,4,1.43,729.936,0,0,0,0,0,0,0,0,0,0,1,0,0,0,0,0,0,0,0,1
67,8,1.8,2448.216,1,0,0,0,0,0,0,0,0,0,0,0,0,0,0,0,0,0,0,1
93,16,1.95,6923.736,0,0,0,0,0,0,0,0,0,0,0,0,0,0,1,0,0,0,0,1
61,8,1.2,3231.432,0,0,0,0,0,0,0,0,0,0,0,0,0,0,0,0,1,0,0,1
88,8,1.36,4219.776,0,0,0,0,0,0,0,0,0,0,1,0,0,0,0,0,0,0,0,1
84,32,3.8,7456.536,0,0,1,0,0,0,0,0,0,0,0,0,0,0,0,0,0,0,0,1
69,8,2.4,1888.776,1,0,0,0,0,0,0,0,0,0,0,0,0,0,0,0,0,0,0,1
75,8,1.2,3862.534,0,0,0,0,1,0,0,0,0,0,0,0,0,0,0,0,0,0,0,1
93,8,2.2,3174.955,0,0,0,0,0,0,0,0,0,0,0,1,0,0,0,0,0,0,0,1
49,4,1.86,972.0936,0,0,0,0,0,0,0,1,0,0,0,0,0,0,0,0,0,0,0,1
67,8,2.0,2834.496,0,0,0,0,0,0,0,0,0,0,0,0,0,0,0,0,1,0,0,1
97,8,2.2,2448.216,0,0,0,0,1,0,0,0,0,0,0,0,0,0,0,0,0,0,0,1
97,16,2.2,3023.64,0,0,0,0,1,0,0,0,0,0,0,0,0,0,0,0,0,0,0,1
83,8,3.31,3186.144,0,0,0,0,0,0,0,0,0,0,1,0,0,0,0,0,0,0,0,1
93,32,4.42,8384.594,0,0,0,0,1,0,0,0,0,0,0,0,0,0,0,0,0,0,0,1
64,8,1.56,3274.056,0,0,0,0,1,0,0,0,0,0,0,0,0,0,0,0,0,0,0,1
34,4,2.2,1116.216,0,0,0,0,0,0,0,0,0,0,1,0,0,0,0,0,0,0,0,1
61,4,2.2,1425.24,0,0,0,0,0,0,0,0,0,0,1,0,0,0,0,0,0,0,0,1
49,6,2.04,1435.896,0,0,0,0,0,0,0,1,0,0,0,0,0,0,0,0,0,0,0,1
93,8,2.7,3960.755,0,0,0,0,0,0,0,0,0,0,0,1,0,0,0,0,0,0,0,1
50,4,2.1,1326.672,0,0,0,0,0,0,0,0,0,0,0,0,0,0,0,0,1,0,0,1
67,8,2.06,2544.12,0,0,0,0,1,0,0,0,0,0,0,0,0,0,0,0,0,0,0,1
88,8,2.1,1984.68,0,0,0,0,0,0,0,1,0,0,0,0,0,0,0,0,0,0,0,1
67,8,2.0,3351.312,0,0,0,0,0,0,0,0,0,0,0,0,0,0,0,0,1,0,0,1
49,4,2.1,1097.568,1,0,0,0,0,0,0,0,0,0,0,0,0,0,0,0,0,0,0,1
90,8,1.25,4975.952,0,0,0,0,0,0,0,0,0,0,0,0,0,1,0,0,0,0,0,1
67,8,1.90,2179.019,0,0,0,0,0,0,0,0,0,0,1,0,0,0,0,0,0,0,0,1
67,8,1.3,2754.576,0,0,0,0,0,0,0,0,0,0,1,0,0,0,0,0,0,0,0,1
19,4,2.2,929.736,0,0,0,0,0,0,0,0,0,0,1,0,0,0,0,0,0,0,0,1
52,4,1.63,1862.136,0,0,0,0,0,0,0,1,0,0,0,0,0,0,0,0,0,0,0,1
93,16,2.4,3447.216,0,0,0,0,0,0,0,0,0,0,0,1,0,0,0,0,0,0,0,1
67,8,1.1,3023.64,0,0,1,0,0,0,0,0,0,0,0,0,0,0,0,0,0,0,0,1
34,8,1.4,1318.68,0,0,0,0,0,0,0,1,0,0,0,0,0,0,0,0,0,0,0,1
97,8,1.09,6124.536,0,0,0,0,0,0,0,0,0,1,0,0,0,0,0,0,0,0,0,1
69,16,2.5,3460.536,1,0,0,0,0,0,0,0,0,0,0,0,0,0,0,0,0,0,0,1
69,8,2.2,2658.406,0,0,0,0,0,0,0,0,0,0,0,1,0,0,0,0,0,0,0,1
34,4,1.86,1116.216,0,0,1,0,0,0,0,0,0,0,0,0,0,0,0,0,0,0,0,1
69,16,3.21,5463.864,0,0,0,0,1,0,0,0,0,0,0,0,0,0,0,0,0,0,0,1
49,4,2.5,1862.136,0,0,0,0,0,0,0,1,0,0,0,0,0,0,0,0,0,0,0,1
97,8,1.19,3993.336,0,0,0,0,0,0,0,0,0,0,1,0,0,0,0,0,0,0,0,1
94,16,3.49,7495.83,0,0,0,0,1,0,0,0,0,0,0,0,0,0,0,0,0,0,0,1
67,4,1.86,1631.993,0,0,0,0,0,0,0,1,0,0,0,0,0,0,0,0,0,0,0,1
49,4,2.2,1453.665,0,0,0,0,1,0,0,0,0,0,0,0,0,0,0,0,0,0,0,1
0,6,2.65,1515.816,0,0,0,0,0,0,0,1,0,0,0,0,0,0,0,0,0,0,0,1
30,4,2.1,847.152,0,0,0,0,0,0,0,0,0,0,1,0,0,0,0,0,0,0,0,1
30,4,1.45,999.0,1,0,0,0,0,0,0,0,0,0,0,0,0,0,0,0,0,0,0,1
67,4,1.7,1862.136,0,0,0,0,0,0,0,0,0,0,1,0,0,0,0,0,0,0,0,1
93,8,3.14,5082.885,0,0,0,0,0,0,0,1,0,0,0,0,0,0,0,0,0,0,0,1
88,8,1.42,6899.76,0,0,0,0,0,0,0,0,0,0,1,0,0,0,0,0,0,0,0,1
67,8,1.5,2592.072,0,0,0,0,0,0,0,0,0,0,0,0,0,0,0,0,1,0,0,1
31,4,1.4,716.616,1,0,0,0,0,0,0,0,0,0,0,0,0,0,0,0,0,0,0,1
88,16,1.38,4659.336,0,0,0,0,0,0,0,0,0,0,1,0,0,0,0,0,0,0,0,1
42,4,1.2,1782.216,0,0,1,0,0,0,0,0,0,0,0,0,0,0,0,0,0,0,0,1
80,16,1.36,5000.328,0,0,0,0,0,0,0,0,0,0,0,0,0,0,0,0,1,0,0,1
88,4,2.1,1835.496,0,0,0,0,0,0,0,1,0,0,0,0,0,0,0,0,0,0,0,1
69,8,2.56,2181.816,0,0,0,0,1,0,0,0,0,0,0,0,0,0,0,0,0,0,0,1
12,4,2.2,1062.936,0,0,0,0,0,0,0,0,0,0,1,0,0,0,0,0,0,0,0,1
5,8,2.2,1142.856,0,0,0,0,0,0,0,0,0,0,1,0,0,0,0,0,0,0,0,1
67,4,2.1,1655.543,0,0,0,0,0,0,0,0,0,0,1,0,0,0,0,0,0,0,0,1
49,4,1.90,1198.8,0,0,0,0,0,0,0,0,0,0,1,0,0,0,0,0,0,0,0,1
67,8,2.18,2117.88,0,0,0,0,1,0,0,0,0,0,0,0,0,0,0,0,0,0,0,1
75,8,1.6,2661.336,1,0,0,0,0,0,0,0,0,0,0,0,0,0,0,0,0,0,0,1
80,16,2.18,4941.72,0,0,0,0,0,0,0,0,0,0,1,0,0,0,0,0,0,0,0,1
63,8,1.8,3172.824,0,0,0,0,0,0,0,0,0,0,1,0,0,0,0,0,0,0,0,1
1,6,2.71,1744.947,0,0,0,0,0,0,0,1,0,0,0,0,0,0,0,0,0,0,0,1
93,8,2.5,3327.336,0,0,0,0,0,0,0,0,0,0,1,0,0,0,0,0,0,0,0,1
71,8,1.64,2901.096,0,0,0,0,1,0,0,0,0,0,0,0,0,0,0,0,0,0,0,1
67,8,1.98,1934.064,0,0,0,0,1,0,0,0,0,0,0,0,0,0,0,0,0,0,0,1
34,4,1.5,793.872,0,0,1,0,0,0,0,0,0,0,0,0,0,0,0,0,0,0,0,1
70,16,1.93,3800.622,0,0,0,0,1,0,0,0,0,0,0,0,0,0,0,0,0,0,0,1
67,8,1.87,2283.234,0,0,0,0,0,0,0,0,0,0,1,0,0,0,0,0,0,0,0,1
70,8,1.9,3140.856,0,0,0,0,1,0,0,0,0,0,0,0,0,0,0,0,0,0,0,1
7,4,2.19,793.872,0,0,0,0,0,0,0,0,0,0,1,0,0,0,0,0,0,0,0,1
25,4,1.4,705.96,0,0,0,0,0,0,0,0,0,0,0,0,1,0,0,0,0,0,0,1
88,8,2.63,3196.8,0,0,0,0,0,0,0,1,0,0,0,0,0,0,0,0,0,0,0,1
80,8,1.17,4493.209,0,0,0,0,0,0,0,0,0,0,1,0,0,0,0,0,0,0,0,1
67,8,1.58,2228.702,0,0,0,0,0,0,0,1,0,0,0,0,0,0,0,0,0,0,0,1
67,8,1.32,3993.336,0,0,0,0,0,0,0,0,0,0,1,0,0,0,0,0,0,0,0,1
93,32,4.36,9748.642,0,0,0,0,1,0,0,0,0,0,0,0,0,0,0,0,0,0,0,1
93,8,2.7,3592.351,0,0,0,0,0,0,0,0,0,0,0,1,0,0,0,0,0,0,0,1
67,4,1.9,1305.094,0,0,0,0,0,0,0,0,0,0,1,0,0,0,0,0,0,0,0,1
75,8,2.2,1915.416,0,0,0,0,1,0,0,0,0,0,0,0,0,0,0,0,0,0,0,1
52,4,1.71,1728.936,0,0,0,0,1,0,0,0,0,0,0,0,0,0,0,0,0,0,0,1
67,8,2.32,1570.481,0,0,0,0,1,0,0,0,0,0,0,0,0,0,0,0,0,0,0,1
13,4,2.1,1302.696,0,0,0,0,0,0,0,1,0,0,0,0,0,0,0,0,0,0,0,1
83,16,4.2,5154.84,1,0,0,0,0,0,0,0,0,0,0,0,0,0,0,0,0,0,0,1
67,12,2.25,1728.936,0,0,0,0,1,0,0,0,0,0,0,0,0,0,0,0,0,0,0,1
14,6,2.1,1731.6,0,0,0,0,0,0,0,1,0,0,0,0,0,0,0,0,0,0,0,1
67,4,2.4,1489.176,1,0,0,0,0,0,0,0,0,0,0,0,0,0,0,0,0,0,0,1
67,8,1.44,2557.44,0,0,0,0,0,0,0,0,0,0,1,0,0,0,0,0,0,0,0,1
88,4,1.85,2075.256,0,0,0,0,0,0,0,0,0,0,1,0,0,0,0,0,0,0,0,1
93,16,2.6,6444.216,0,0,0,0,0,0,0,1,0,0,0,0,0,0,0,0,0,0,0,1
75,8,1.55,1755.576,0,0,0,0,1,0,0,0,0,0,0,0,0,0,0,0,0,0,0,1
93,16,1.8,5579.695,0,0,0,0,0,0,0,0,0,0,0,1,0,0,0,0,0,0,0,1
49,4,2.4,1094.371,1,0,0,0,0,0,0,0,0,0,0,0,0,0,0,0,0,0,0,1
88,8,2.0,3215.448,0,0,0,0,1,0,0,0,0,0,0,0,0,0,0,0,0,0,0,1
49,8,2,1771.56,0,0,0,0,1,0,0,0,0,0,0,0,0,0,0,0,0,0,0,1
67,8,1.25,4089.24,0,0,0,0,0,0,0,0,0,0,0,0,0,0,0,0,1,0,0,1
67,8,1.7,2661.336,0,0,0,0,0,0,0,0,0,0,1,0,0,0,0,0,0,0,0,1
90,16,2.5,8788.536,0,0,0,0,0,0,0,0,0,0,1,0,0,0,0,0,0,0,0,1
33,2,1.68,879.12,1,0,0,0,0,0,0,0,0,0,0,0,0,0,0,0,0,0,0,1
88,16,0.81,4392.936,0,0,0,0,0,0,0,0,0,0,0,0,0,0,0,1,0,0,0,1
49,8,1.86,1435.896,0,0,0,0,0,0,0,1,0,0,0,0,0,0,0,0,0,0,0,1
67,8,1.6,3001.555,0,0,0,0,1,0,0,0,0,0,0,0,0,0,0,0,0,0,0,1
104,16,3,11692.3,0,0,0,0,0,0,0,1,0,0,0,0,0,0,0,0,0,0,0,1
33,4,1.4,1265.4,0,0,0,0,0,0,0,0,0,0,1,0,0,0,0,0,0,0,0,1
64,8,1.84,5061.6,0,0,0,0,0,0,0,1,0,0,0,0,0,0,0,0,0,0,0,1
63,4,2.45,1542.456,0,0,1,0,0,0,0,0,0,0,0,0,0,0,0,0,0,0,0,1
61,4,1.7,2919.744,0,0,0,0,0,0,0,0,0,0,1,0,0,0,0,0,0,0,0,1
88,4,2.37,2264.134,0,0,1,0,0,0,0,0,0,0,0,0,0,0,0,0,0,0,0,1
62,8,1.3,3194.136,0,0,0,0,0,0,0,0,0,0,1,0,0,0,0,0,0,0,0,1
69,8,2.2,2927.736,0,0,0,0,0,0,0,1,0,0,0,0,0,0,0,0,0,0,0,1
83,8,2.59,4158.504,0,0,0,0,0,0,0,1,0,0,0,0,0,0,0,0,0,0,0,1
93,16,4.42,7642.989,0,0,0,0,1,0,0,0,0,0,0,0,0,0,0,0,0,0,0,1
67,4,2.1,1595.736,1,0,0,0,0,0,0,0,0,0,0,0,0,0,0,0,0,0,0,1
93,8,2.5,2791.872,0,0,0,0,0,0,0,0,0,0,1,0,0,0,0,0,0,0,0,1
90,16,1.18,4952.376,0,0,0,0,1,0,0,0,0,0,0,0,0,0,0,0,0,0,0,1
74,8,1.1,4153.176,0,0,0,0,0,0,1,0,0,0,0,0,0,0,0,0,0,0,0,1
67,8,1.2,3007.656,0,0,1,0,0,0,0,0,0,0,0,0,0,0,0,0,0,0,0,1
49,4,1.65,2261.736,0,0,0,0,1,0,0,0,0,0,0,0,0,0,0,0,0,0,0,1
61,4,1.6,1744.92,1,0,0,0,0,0,0,0,0,0,0,0,0,0,0,0,0,0,0,1
102,4,2.8,1252.986,0,0,1,0,0,0,0,0,0,0,0,0,0,0,0,0,0,0,0,1
83,16,2.72,2927.736,0,0,0,0,1,0,0,0,0,0,0,0,0,0,0,0,0,0,0,1
88,8,1.31,4259.736,0,0,0,0,0,0,0,0,0,0,0,0,0,0,0,1,0,0,0,1
102,4,2.1,793.872,1,0,0,0,0,0,0,0,0,0,0,0,0,0,0,0,0,0,0,1
88,16,2.3,3146.903,0,0,0,0,1,0,0,0,0,0,0,0,0,0,0,0,0,0,0,1
88,16,1.71,4792.536,0,0,0,0,0,0,0,0,0,0,0,0,0,0,0,1,0,0,0,1
61,4,1.75,2717.28,0,0,0,0,0,0,0,0,0,0,0,0,0,0,0,0,1,0,0,1
93,8,2.62,2927.736,0,0,0,0,1,0,0,0,0,0,0,0,0,0,0,0,0,0,0,1
61,4,1.26,3314.016,0,0,0,0,0,0,0,1,0,0,0,0,0,0,0,0,0,0,0,1
88,12,2.3,2235.096,0,0,1,0,0,0,0,0,0,0,0,0,0,0,0,0,0,0,0,1
85,16,2.5,6313.68,0,0,0,0,0,0,0,0,0,0,1,0,0,0,0,0,0,0,0,1
52,4,1.8,1694.304,1,0,0,0,0,0,0,0,0,0,0,0,0,0,0,0,0,0,0,1
93,16,1.95,7722.936,0,0,0,0,0,0,0,0,0,0,0,0,0,0,1,0,0,0,0,1
100,8,2,1550.182,0,0,1,0,0,0,0,0,0,0,0,0,0,0,0,0,0,0,0,1
93,32,4.42,9560.563,0,0,0,0,1,0,0,0,0,0,0,0,0,0,0,0,0,0,0,1
83,16,4.3,6260.4,0,0,1,0,0,0,0,0,0,0,0,0,0,0,0,0,0,0,0,1
82,16,1.47,4699.296,0,0,0,0,0,0,0,0,0,0,0,0,0,0,0,0,1,0,0,1
38,8,2.2,876.456,0,0,0,0,0,0,0,0,0,0,1,0,0,0,0,0,0,0,0,1
88,16,1.7,6124.536,0,0,0,0,0,0,0,0,0,0,1,0,0,0,0,0,0,0,0,1
93,16,1.6,5037.624,0,0,0,0,0,0,0,0,0,0,0,1,0,0,0,0,0,0,0,1
69,8,2.2,2901.096,0,0,0,0,0,0,0,0,0,0,0,1,0,0,0,0,0,0,0,1
93,4,2.4,2661.336,0,0,0,0,0,0,0,0,0,0,1,0,0,0,0,0,0,0,0,1
93,16,4.2,6124.536,1,0,0,0,0,0,0,0,0,0,0,0,0,0,0,0,0,0,0,1
69,8,2.62,2624.04,0,0,0,0,1,0,0,0,0,0,0,0,0,0,0,0,0,0,0,1
93,8,2.24,3567.096,0,0,1,0,0,0,0,0,0,0,0,0,0,0,0,0,0,0,0,1
34,4,1.22,540.5256,0,0,0,0,0,0,0,0,0,0,0,0,0,0,0,0,0,1,0,1
88,8,1.37,5248.08,0,0,0,0,0,0,0,0,0,0,1,0,0,0,0,0,0,0,0,1
67,8,2.08,2554.776,0,0,0,0,0,0,0,0,0,0,1,0,0,0,0,0,0,0,0,1
39,8,0.92,3103.56,0,1,0,0,0,0,0,0,0,0,0,0,0,0,0,0,0,0,0,1
67,8,1.42,6207.12,0,0,0,0,0,0,0,0,0,0,1,0,0,0,0,0,0,0,0,1
34,4,1.63,796.536,0,0,1,0,0,0,0,0,0,0,0,0,0,0,0,0,0,0,0,1
67,8,1.95,2157.84,0,0,0,0,1,0,0,0,0,0,0,0,0,0,0,0,0,0,0,1
88,8,1.38,3593.736,0,0,0,0,0,0,0,0,0,0,1,0,0,0,0,0,0,0,0,1
49,8,2,1968.696,0,0,0,0,1,0,0,0,0,0,0,0,0,0,0,0,0,0,0,1
93,8,3.14,5500.894,0,0,0,0,0,0,0,1,0,0,0,0,0,0,0,0,0,0,0,1
67,8,2.37,2927.736,0,0,1,0,0,0,0,0,0,0,0,0,0,0,0,0,0,0,0,1
67,8,1.29,3993.336,0,0,0,0,1,0,0,0,0,0,0,0,0,0,0,0,0,0,0,1
69,8,2.06,4659.336,0,0,0,0,1,0,0,0,0,0,0,0,0,0,0,0,0,0,0,1
102,4,1.63,1982.016,0,0,0,0,1,0,0,0,0,0,0,0,0,0,0,0,0,0,0,1
70,8,1.26,3700.296,0,0,0,0,0,0,0,1,0,0,0,0,0,0,0,0,0,0,0,1
61,4,2.1,2077.92,0,0,0,0,0,0,0,0,0,0,0,0,0,0,0,0,1,0,0,1
3,8,2.04,1675.656,0,0,0,0,0,0,0,1,0,0,0,0,0,0,0,0,0,0,0,1
93,16,2.62,4472.856,0,0,0,0,1,0,0,0,0,0,0,0,0,0,0,0,0,0,0,1
67,4,2.4,1622.376,0,0,0,0,0,0,0,0,0,0,1,0,0,0,0,0,0,0,0,1
93,12,3.74,4659.336,0,0,0,0,0,0,0,1,0,0,0,0,0,0,0,0,0,0,0,1
93,16,2.9,6433.56,0,0,0,0,0,0,0,0,0,0,0,1,0,0,0,0,0,0,0,1
67,8,0.81,3993.336,0,0,0,0,0,0,0,0,0,0,0,0,0,0,0,1,0,0,0,1
88,8,1.98,2560.104,0,0,0,0,1,0,0,0,0,0,0,0,0,0,0,0,0,0,0,1
67,8,2.18,2104.054,0,0,0,0,1,0,0,0,0,0,0,0,0,0,0,0,0,0,0,1
88,8,1.32,4952.376,0,0,0,0,0,0,0,0,0,0,1,0,0,0,0,0,0,0,0,1
87,16,1.29,4792.536,0,0,0,0,0,0,0,0,0,0,0,0,0,0,1,0,0,0,0,1
33,4,1.23,1025.64,0,0,0,0,0,0,0,1,0,0,0,0,0,0,0,0,0,0,0,1
93,16,4.36,6673.373,0,0,0,0,1,0,0,0,0,0,0,0,0,0,0,0,0,0,0,1
61,4,1.76,2011.32,0,0,0,0,1,0,0,0,0,0,0,0,0,0,0,0,0,0,0,1
49,4,2.1,1305.094,0,0,0,0,0,0,0,0,0,0,1,0,0,0,0,0,0,0,0,1
67,4,1.25,2903.76,0,0,0,0,0,0,0,0,0,0,0,0,0,0,0,0,1,0,0,1
88,8,1.13,6657.336,0,0,0,0,0,0,0,0,0,0,1,0,0,0,0,0,0,0,0,1
69,8,2.4,3194.136,0,0,0,0,0,0,0,0,0,0,0,1,0,0,0,0,0,0,0,1
67,8,1.13,4995.0,0,0,0,0,0,0,0,0,0,0,1,0,0,0,0,0,0,0,0,1
99,4,1.75,1329.336,0,0,0,0,0,0,0,0,0,0,0,0,0,0,0,0,1,0,0,1
67,8,1.1,3617.712,0,0,1,0,0,0,0,0,0,0,0,0,0,0,0,0,0,0,0,1
49,4,1.76,1558.44,0,0,0,0,1,0,0,0,0,0,0,0,0,0,0,0,0,0,0,1
33,4,1.35,945.72,1,0,0,0,0,0,0,0,0,0,0,0,0,0,0,0,0,0,0,1
52,8,1.5,1649.016,1,0,0,0,0,0,0,0,0,0,0,0,0,0,0,0,0,0,0,1
94,32,3.49,14649.34,0,0,0,0,0,0,0,0,0,0,0,0,0,0,1,0,0,0,0,1
82,16,1.1,5591.736,0,0,0,0,0,0,0,0,0,0,1,0,0,0,0,0,0,0,0,1
67,4,2.1,1382.616,0,0,1,0,0,0,0,0,0,0,0,0,0,0,0,0,0,0,0,1
61,8,1.7,3159.504,0,0,0,0,0,0,0,0,0,0,1,0,0,0,0,0,0,0,0,1
70,8,1.32,4395.6,0,0,0,0,0,0,0,0,0,0,1,0,0,0,0,0,0,0,0,1
93,16,3.21,7391.614,0,0,0,0,1,0,0,0,0,0,0,0,0,0,0,0,0,0,0,1
93,16,2.9,6444.216,0,0,1,0,0,0,0,0,0,0,0,0,0,0,0,0,0,0,0,1
52,4,2.0,1782.216,0,0,0,0,0,0,0,0,0,0,0,0,0,0,0,0,1,0,0,1
36,4,1.5,865.8,0,0,0,0,0,0,0,0,0,0,1,0,0,0,0,0,0,0,0,1
67,8,2.3,1571.76,0,0,1,0,0,0,0,0,0,0,0,0,0,0,0,0,0,0,0,1
83,16,2.73,4792.536,0,0,1,0,0,0,0,0,0,0,0,0,0,0,0,0,0,0,0,1
93,32,4.42,8186.179,0,0,0,0,1,0,0,0,0,0,0,0,0,0,0,0,0,0,0,1
67,8,2.63,2424.24,0,0,0,0,0,0,0,1,0,0,0,0,0,0,0,0,0,0,0,1
67,8,2.18,1902.069,0,0,0,0,1,0,0,0,0,0,0,0,0,0,0,0,0,0,0,1
80,8,1.54,4981.68,0,0,0,0,0,0,0,1,0,0,0,0,0,0,0,0,0,0,0,1
88,4,2.18,1968.696,0,0,0,0,1,0,0,0,0,0,0,0,0,0,0,0,0,0,0,1
34,4,1.4,1638.36,0,0,0,0,0,0,0,1,0,0,0,0,0,0,0,0,0,0,0,1
61,8,1.45,2733.264,0,0,1,0,0,0,0,0,0,0,0,0,0,0,0,0,0,0,0,1
67,8,1.28,6065.928,0,0,0,0,0,0,0,1,0,0,0,0,0,0,0,0,0,0,0,1
80,8,1.54,3910.752,0,0,0,0,0,0,0,1,0,0,0,0,0,0,0,0,0,0,0,1
33,4,1.86,796.536,0,0,0,0,0,0,0,1,0,0,0,0,0,0,0,0,0,0,0,1
93,16,2.1,5058.936,0,0,1,0,0,0,0,0,0,0,0,0,0,0,0,0,0,0,0,1
88,8,2.83,2304.36,0,0,0,0,1,0,0,0,0,0,0,0,0,0,0,0,0,0,0,1
93,8,1.96,5069.592,0,0,0,0,0,0,0,0,0,0,1,0,0,0,0,0,0,0,0,1
88,8,2.3,2096.568,0,0,1,0,0,0,0,0,0,0,0,0,0,0,0,0,0,0,0,1
67,8,1.9,2517.48,0,0,0,0,1,0,0,0,0,0,0,0,0,0,0,0,0,0,0,1
102,4,2,1196.136,0,0,1,0,0,0,0,0,0,0,0,0,0,0,0,0,0,0,0,1
90,8,1.28,6817.176,0,0,0,0,0,0,0,1,0,0,0,0,0,0,0,0,0,0,0,1
61,8,1.62,1728.936,0,0,0,0,1,0,0,0,0,0,0,0,0,0,0,0,0,0,0,1
47,4,2.2,1249.416,0,0,0,0,0,0,0,0,0,0,1,0,0,0,0,0,0,0,0,1
67,8,2.3,2266.158,0,0,0,0,0,0,0,0,0,0,1,0,0,0,0,0,0,0,0,1
70,8,1.84,3593.736,0,0,0,0,0,0,0,1,0,0,0,0,0,0,0,0,0,0,0,1
67,4,1.05,3423.24,0,0,0,0,0,0,0,0,0,0,0,0,0,0,0,0,1,0,0,1
69,8,2.5,2709.288,0,0,0,0,0,0,0,0,0,0,1,0,0,0,0,0,0,0,0,1
91,16,1.29,5967.36,0,0,0,0,1,0,0,0,0,0,0,0,0,0,0,0,0,0,0,1
61,4,2.07,2424.24,0,0,0,0,0,0,0,1,0,0,0,0,0,0,0,0,0,0,0,1
61,8,1.2,2917.08,0,0,0,0,0,0,0,0,0,0,0,0,0,0,0,0,1,0,0,1
88,8,1.37,5194.8,0,0,0,0,0,0,0,0,0,0,1,0,0,0,0,0,0,0,0,1
67,8,1.56,2402.928,1,0,0,0,0,0,0,0,0,0,0,0,0,0,0,0,0,0,0,1
93,8,2.23,4736.592,0,0,0,0,1,0,0,0,0,0,0,0,0,0,0,0,0,0,0,1
67,4,2.38,2810.52,0,0,0,0,0,0,0,0,0,0,1,0,0,0,0,0,0,0,0,1
49,4,2.2,1276.056,0,0,0,0,0,0,0,0,0,0,1,0,0,0,0,0,0,0,0,1
88,8,2.0,3697.632,0,0,0,0,0,0,0,0,0,0,0,0,0,0,0,0,1,0,0,1
52,4,1.44,1958.04,0,0,0,0,0,0,0,0,0,0,1,0,0,0,0,0,0,0,0,1
88,16,1.23,4925.736,0,0,0,0,0,0,0,0,0,0,0,0,0,0,0,1,0,0,0,1
90,8,1.6,4502.16,0,0,0,0,1,0,0,0,0,0,0,0,0,0,0,0,0,0,0,1
102,4,2,1062.909,0,0,1,0,0,0,0,0,0,0,0,0,0,0,0,0,0,0,0,1
61,8,1.28,2490.84,0,0,0,0,0,0,0,0,0,0,0,0,0,0,0,0,0,0,1,1
67,4,2.18,2430.9,0,0,0,0,1,0,0,0,0,0,0,0,0,0,0,0,0,0,0,1
67,4,2.04,2235.096,0,0,0,0,0,0,0,1,0,0,0,0,0,0,0,0,0,0,0,1
67,4,1.28,4528.8,0,0,0,0,0,0,0,1,0,0,0,0,0,0,0,0,0,0,0,1
67,4,2.3,1824.307,0,0,0,0,0,0,0,1,0,0,0,0,0,0,0,0,0,0,0,1
34,4,1.65,927.072,0,0,1,0,0,0,0,0,0,0,0,0,0,0,0,0,0,0,0,1
80,8,2.2,1782.216,0,0,0,0,0,0,0,0,0,0,1,0,0,0,0,0,0,0,0,1
101,4,2.2,983.016,0,0,0,0,1,0,0,0,0,0,0,0,0,0,0,0,0,0,0,1
67,4,1.28,4792.536,0,0,0,0,0,0,0,1,0,0,0,0,0,0,0,0,0,0,0,1
47,4,2.18,1213.985,0,0,0,0,1,0,0,0,0,0,0,0,0,0,0,0,0,0,0,1
69,12,2.2,3649.414,0,0,1,0,0,0,0,0,0,0,0,0,0,0,0,0,0,0,0,1
33,4,1.25,791.208,1,0,0,0,0,0,0,0,0,0,0,0,0,0,0,0,0,0,0,1
6,4,2.8,1009.656,0,0,0,0,0,0,0,0,0,0,1,0,0,0,0,0,0,0,0,1
67,4,1.95,3369.96,0,0,0,0,0,0,0,1,0,0,0,0,0,0,0,0,0,0,0,1
88,16,1.42,3726.936,0,0,0,0,0,0,0,1,0,0,0,0,0,0,0,0,0,0,0,1
88,8,1.17,4526.136,0,0,0,0,0,0,0,0,0,0,0,0,0,0,0,1,0,0,0,1
67,8,1.32,4792.536,0,0,0,0,0,0,0,0,0,0,1,0,0,0,0,0,0,0,0,1
83,16,2.43,7056.936,0,0,0,0,0,0,0,0,0,0,0,1,0,0,0,0,0,0,0,1
67,8,1.05,3929.4,0,0,0,0,0,0,0,0,0,0,0,0,0,0,0,0,1,0,0,1
93,8,2.62,2474.856,0,0,0,0,1,0,0,0,0,0,0,0,0,0,0,0,0,0,0,1
88,8,2.04,2397.6,0,0,0,0,0,0,0,1,0,0,0,0,0,0,0,0,0,0,0,1
47,4,2.18,1635.696,0,0,0,0,1,0,0,0,0,0,0,0,0,0,0,0,0,0,0,1
70,8,1.9,2490.84,0,0,0,0,1,0,0,0,0,0,0,0,0,0,0,0,0,0,0,1
96,8,1.24,5362.898,0,0,0,0,1,0,0,0,0,0,0,0,0,0,0,0,0,0,0,1
84,32,3.58,3407.256,0,0,1,0,0,0,0,0,0,0,0,0,0,0,0,0,0,0,0,1
96,16,1.22,4392.936,0,0,0,0,1,0,0,0,0,0,0,0,0,0,0,0,0,0,0,1
88,8,1.13,5458.536,0,0,0,0,0,0,0,0,0,0,1,0,0,0,0,0,0,0,0,1
67,8,1.95,5229.405,0,0,0,0,0,0,0,0,0,0,1,0,0,0,0,0,0,0,0,1
88,16,1.08,5591.736,0,0,0,0,0,0,0,0,0,1,0,0,0,0,0,0,0,0,0,1
88,8,1.26,3950.712,0,0,0,0,0,0,0,1,0,0,0,0,0,0,0,0,0,0,0,1
29,4,2.20,956.376,1,0,0,0,0,0,0,0,0,0,0,0,0,0,0,0,0,0,0,1
63,8,2.6,2101.896,0,0,0,0,0,0,0,0,0,0,1,0,0,0,0,0,0,0,0,1
88,8,0.98,5058.936,0,0,0,0,0,0,0,0,0,1,0,0,0,0,0,0,0,0,0,1
71,8,1.6,3210.12,0,0,0,0,1,0,0,0,0,0,0,0,0,0,0,0,0,0,0,1
40,8,1.09,8258.4,0,0,0,0,0,0,0,1,0,0,0,0,0,0,0,0,0,0,0,1
88,6,2.2,2101.896,0,0,0,0,0,0,0,0,0,0,1,0,0,0,0,0,0,0,0,1
88,8,2.04,2714.589,0,0,0,0,0,0,0,1,0,0,0,0,0,0,0,0,0,0,0,1
52,4,2.4,1329.336,1,0,0,0,0,0,0,0,0,0,0,0,0,0,0,0,0,0,0,1
67,4,1.44,2346.984,0,0,0,0,0,0,0,0,0,0,1,0,0,0,0,0,0,0,0,1
67,8,1.49,2557.44,0,0,0,0,0,0,0,1,0,0,0,0,0,0,0,0,0,0,0,1
93,16,2.7,4259.736,0,0,0,0,0,0,0,0,0,0,0,1,0,0,0,0,0,0,0,1
93,16,2.6,3593.736,0,0,0,0,1,0,0,0,0,0,0,0,0,0,0,0,0,0,0,1
69,8,2.2,2983.44,0,0,0,0,0,0,0,0,0,0,0,1,0,0,0,0,0,0,0,1
67,4,2.18,1824.813,0,0,0,0,1,0,0,0,0,0,0,0,0,0,0,0,0,0,0,1
80,8,1.84,3455.181,0,0,0,0,0,0,0,1,0,0,0,0,0,0,0,0,0,0,0,1
88,8,1.39,3060.936,0,0,0,0,0,0,0,1,0,0,0,0,0,0,0,0,0,0,0,1
82,16,2.4,5261.4,0,0,0,0,0,0,0,0,0,0,0,0,0,0,0,0,1,0,0,1
67,8,1.37,4861.8,0,0,0,0,0,0,0,0,0,0,1,0,0,0,0,0,0,0,0,1
61,4,1.95,1944.454,0,0,0,0,1,0,0,0,0,0,0,0,0,0,0,0,0,0,0,1
88,8,1.36,4395.6,0,0,0,0,0,0,0,0,0,0,1,0,0,0,0,0,0,0,0,1
61,8,2.31,3103.56,0,0,0,0,0,0,0,1,0,0,0,0,0,0,0,0,0,0,0,1
67,4,2.18,1886.272,0,0,0,0,1,0,0,0,0,0,0,0,0,0,0,0,0,0,0,1
61,4,1.95,3060.936,0,0,0,0,0,0,0,1,0,0,0,0,0,0,0,0,0,0,0,1
102,4,2.2,823.176,0,0,0,0,0,0,0,0,0,0,1,0,0,0,0,0,0,0,0,1
61,4,1.26,4206.456,0,0,0,0,0,0,0,1,0,0,0,0,0,0,0,0,0,0,0,1
33,4,1.86,769.6296,0,0,0,0,0,0,0,1,0,0,0,0,0,0,0,0,0,0,0,1
81,16,1.3,4792.536,0,0,0,0,0,0,0,0,0,0,1,0,0,0,0,0,0,0,0,1
61,4,1.47,2943.72,0,0,0,0,0,0,0,0,0,0,0,0,0,0,0,0,1,0,0,1
61,8,1.26,4446.216,0,0,0,0,0,0,0,1,0,0,0,0,0,0,0,0,0,0,0,1
47,4,2.18,1488.11,0,0,0,0,1,0,0,0,0,0,0,0,0,0,0,0,0,0,0,1
93,8,2.2,3194.136,0,0,0,0,0,0,0,0,0,0,0,1,0,0,0,0,0,0,0,1
67,8,1.36,4366.296,0,0,0,0,1,0,0,0,0,0,0,0,0,0,0,0,0,0,0,1
84,16,4.36,7347.312,0,0,0,0,1,0,0,0,0,0,0,0,0,0,0,0,0,0,0,1
63,8,2.75,3726.936,0,0,0,0,0,0,0,1,0,0,0,0,0,0,0,0,0,0,0,1
101,4,2.8,1411.92,0,0,1,0,0,0,0,0,0,0,0,0,0,0,0,0,0,0,0,1
67,4,2.23,1649.016,1,0,0,0,0,0,0,0,0,0,0,0,0,0,0,0,0,0,0,1
61,8,2.2,2981.016,0,0,0,0,0,0,0,0,0,0,0,0,0,0,0,0,1,0,0,1
46,8,1.1,3460.536,0,0,0,0,0,0,0,0,0,0,1,0,0,0,0,0,0,0,0,1
21,16,2.5,2661.336,0,0,0,0,0,0,0,0,0,0,1,0,0,0,0,0,0,0,0,1
67,8,1.36,3921.941,0,0,0,0,1,0,0,0,0,0,0,0,0,0,0,0,0,0,0,1
88,8,2.2,1824.84,0,0,0,0,0,0,0,0,0,0,1,0,0,0,0,0,0,0,0,1
47,4,2.36,1755.576,0,0,0,0,1,0,0,0,0,0,0,0,0,0,0,0,0,0,0,1
33,4,1.68,929.736,1,0,0,0,0,0,0,0,0,0,0,0,0,0,0,0,0,0,0,1
85,8,2.0,5991.336,0,0,0,0,0,0,0,1,0,0,0,0,0,0,0,0,0,0,0,1
90,8,1.36,4728.6,0,0,0,0,1,0,0,0,0,0,0,0,0,0,0,0,0,0,0,1
61,8,1.2,3889.44,0,0,0,0,0,0,0,0,0,0,0,0,0,0,0,0,1,0,0,1
43,8,1.2,3087.576,0,0,1,0,0,0,0,0,0,0,0,0,0,0,0,0,0,0,0,1
82,8,1.7,3966.669,0,0,0,0,0,0,0,0,0,0,1,0,0,0,0,0,0,0,0,1
93,16,4.36,8402.256,0,0,0,0,1,0,0,0,0,0,0,0,0,0,0,0,0,0,0,1
73,8,1.24,5058.936,0,0,0,0,1,0,0,0,0,0,0,0,0,0,0,0,0,0,0,1
102,4,1.45,2064.6,0,0,0,0,0,0,0,1,0,0,0,0,0,0,0,0,0,0,0,1
80,8,1.3,3377.952,0,0,0,0,1,0,0,0,0,0,0,0,0,0,0,0,0,0,0,1
33,4,1.25,1036.296,1,0,0,0,0,0,0,0,0,0,0,0,0,0,0,0,0,0,0,1
64,8,1.2,4089.24,0,0,0,0,0,0,0,0,0,0,0,0,0,0,0,0,1,0,0,1
70,8,1.36,4688.64,0,0,0,0,0,0,0,0,0,0,1,0,0,0,0,0,0,0,0,1
67,12,2.4,2687.976,1,0,0,0,0,0,0,0,0,0,0,0,0,0,0,0,0,0,0,1
88,8,1.1,4768.56,0,0,0,0,0,0,0,0,0,0,0,0,0,0,0,0,1,0,0,1
66,8,2.04,2255.076,0,0,0,0,0,0,0,1,0,0,0,0,0,0,0,0,0,0,0,1
47,4,2.25,1240.412,0,0,0,0,1,0,0,0,0,0,0,0,0,0,0,0,0,0,0,1
67,4,1.9,2197.8,0,0,0,0,1,0,0,0,0,0,0,0,0,0,0,0,0,0,0,1
52,4,2.04,1824.84,0,0,0,0,0,0,0,1,0,0,0,0,0,0,0,0,0,0,0,1
93,32,4.42,8388.936,0,0,0,0,1,0,0,0,0,0,0,0,0,0,0,0,0,0,0,1
67,6,2.4,1851.48,0,0,0,0,0,0,0,0,0,0,1,0,0,0,0,0,0,0,0,1
96,16,1.22,5058.936,0,0,0,0,1,0,0,0,0,0,0,0,0,0,0,0,0,0,0,1
82,8,1.5,5229.379,0,0,0,0,1,0,0,0,0,0,0,0,0,0,0,0,0,0,0,1
83,32,4.42,7459.2,0,0,0,0,1,0,0,0,0,0,0,0,0,0,0,0,0,0,0,1
61,8,1.95,3143.52,0,0,0,0,0,0,0,0,0,0,0,0,0,0,0,0,1,0,0,1
93,16,2.73,5460.934,0,0,1,0,0,0,0,0,0,0,0,0,0,0,0,0,0,0,0,1
68,8,2.04,2608.056,0,0,0,0,0,0,0,1,0,0,0,0,0,0,0,0,0,0,0,1
61,4,1.70,2669.328,0,0,0,0,0,0,0,0,0,0,1,0,0,0,0,0,0,0,0,1
88,16,2.3,4792.536,0,0,1,0,0,0,0,0,0,0,0,0,0,0,0,0,0,0,0,1
88,6,2.04,1542.456,0,0,0,0,0,0,0,1,0,0,0,0,0,0,0,0,0,0,0,1
93,16,2.99,4659.336,0,0,1,0,0,0,0,0,0,0,0,0,0,0,0,0,0,0,0,1
88,12,2.19,3460.536,0,0,0,0,1,0,0,0,0,0,0,0,0,0,0,0,0,0,0,1
61,4,1.2,3183.48,0,0,0,0,0,0,0,0,0,0,0,0,0,0,0,0,1,0,0,1
5,6,2.2,1462.536,0,0,0,0,0,0,0,0,0,0,1,0,0,0,0,0,0,0,0,1
61,4,2.3,1728.936,0,0,0,0,0,1,0,0,0,0,0,0,0,0,0,0,0,0,0,1
61,4,1.75,2437.56,0,0,0,0,0,0,0,0,0,0,0,0,0,0,0,0,1,0,0,1
67,4,2.25,1595.736,0,0,0,0,1,0,0,0,0,0,0,0,0,0,0,0,0,0,0,1
67,8,2.04,2147.184,0,0,0,0,0,0,0,1,0,0,0,0,0,0,0,0,0,0,0,1
93,8,2.5,3167.496,0,0,0,0,0,0,0,0,0,0,1,0,0,0,0,0,0,0,0,1
88,8,2.36,1995.336,0,0,0,0,1,0,0,0,0,0,0,0,0,0,0,0,0,0,0,1
67,8,1.6,2981.016,0,0,0,0,1,0,0,0,0,0,0,0,0,0,0,0,0,0,0,1
40,8,0.97,5082.912,0,0,0,0,0,0,0,1,0,0,0,0,0,0,0,0,0,0,0,1
49,4,2.1,1329.336,0,0,0,0,0,0,0,1,0,0,0,0,0,0,0,0,0,0,0,1
34,4,1.9,720.9317,0,0,0,0,0,0,0,0,0,0,1,0,0,0,0,0,0,0,0,1
61,8,2.3,3593.736,0,0,0,0,0,0,0,0,0,0,1,0,0,0,0,0,0,0,0,1
67,8,1.68,2368.296,0,0,0,0,1,0,0,0,0,0,0,0,0,0,0,0,0,0,0,1
67,8,1.4,3063.6,0,0,1,0,0,0,0,0,0,0,0,0,0,0,0,0,0,0,0,1
88,8,1.11,3593.736,0,0,0,0,0,0,0,1,0,0,0,0,0,0,0,0,0,0,0,1
102,4,2.4,1012.32,1,0,0,0,0,0,0,0,0,0,0,0,0,0,0,0,0,0,0,1
93,16,2.5,4792.536,0,0,1,0,0,0,0,0,0,0,0,0,0,0,0,0,0,0,0,1
88,8,1.48,5565.096,0,0,0,0,0,0,0,1,0,0,0,0,0,0,0,0,0,0,0,1
93,8,2.7,3356.64,1,0,0,0,0,0,0,0,0,0,0,0,0,0,0,0,0,0,0,1
67,8,1.34,3167.496,0,0,0,0,0,0,0,1,0,0,0,0,0,0,0,0,0,0,0,1
52,4,2.18,1457.208,0,0,0,0,1,0,0,0,0,0,0,0,0,0,0,0,0,0,0,1
67,4,1.64,2075.256,0,0,0,0,0,0,0,1,0,0,0,0,0,0,0,0,0,0,0,1
61,4,1.2,3183.48,0,0,0,0,0,0,0,0,0,0,0,0,0,0,0,0,1,0,0,1
64,4,1.48,2930.373,0,0,0,0,0,0,0,1,0,0,0,0,0,0,0,0,0,0,0,1
67,4,1.95,3210.12,0,0,0,0,0,0,0,1,0,0,0,0,0,0,0,0,0,0,0,1
82,8,1.43,3860.136,0,0,0,0,0,0,0,1,0,0,0,0,0,0,0,0,0,0,0,1
